model,epoch,type:P,type:R,type:F1,PerpInd:P,PerpInd:R,PerpInd:F1,PerpOrg:P,PerpOrg:R,PerpOrg:F1,Target:P,Target:R,Target:F1,Victim:P,Victim:R,Victim:F1,Weapon:P,Weapon:R,Weapon:F1,mAvg:P,mAvg:R,mAvg:F1
PB-BERT-medium,75,82.17,52.74,64.24,57.53,24.56,34.43,47.69,24.60,32.46,40.91,24.49,30.64,59.18,29.00,38.93,65.12,41.79,50.91,60.85,33.50,43.21
PB-BERT-medium,77,88.89,51.74,65.41,65.22,25.73,36.90,55.93,26.19,35.68,40.00,24.49,30.38,72.55,37.00,49.01,67.57,37.31,48.08,66.19,34.36,45.24
PB-BERT-medium,71,83.33,52.24,64.22,58.46,22.22,32.20,45.76,21.43,29.19,39.56,24.49,30.25,61.67,37.00,46.25,55.81,35.82,43.64,60.14,32.88,42.52
PB-BERT-medium,99,86.55,51.24,64.38,61.29,22.22,32.62,49.06,20.63,29.05,44.58,25.17,32.17,70.37,38.00,49.35,60.00,40.30,48.21,64.66,33.13,43.81
PB-BERT-medium,73,83.20,51.74,63.80,56.72,22.22,31.93,46.67,22.22,30.11,36.47,21.09,26.72,64.15,34.00,44.44,50.00,32.84,39.64,59.22,31.65,41.25
PB-BERT-medium,95,84.25,53.23,65.24,57.58,22.22,32.07,50.91,22.22,30.94,48.84,28.57,36.05,69.81,37.00,48.37,57.78,38.81,46.43,64.35,34.24,44.69
PB-BERT-medium,97,85.83,51.24,64.17,62.30,22.22,32.76,50.00,20.63,29.21,45.88,26.53,33.62,71.70,38.00,49.67,60.00,40.30,48.21,65.14,33.37,44.14
PB-BERT-medium,91,88.24,52.24,65.62,61.02,21.05,31.30,53.85,22.22,31.46,46.99,26.53,33.91,76.47,39.00,51.66,60.87,41.79,49.56,67.07,33.87,45.01
PB-BERT-medium,93,86.89,52.74,65.63,63.08,23.98,34.75,55.77,23.02,32.58,47.62,27.21,34.63,67.27,37.00,47.74,53.06,38.81,44.83,65.34,34.36,45.04
PB-BERT-medium,79,85.04,53.73,65.85,55.26,24.56,34.01,54.10,26.19,35.29,40.45,25.17,31.03,68.97,40.00,50.63,63.04,43.28,51.33,63.02,35.59,45.49
PB-BERT-medium,16,88.24,52.24,65.62,51.09,27.49,35.74,31.58,19.05,23.76,16.67,10.20,12.66,27.27,3.00,5.41,0.00,0.00,0.00,50.00,23.89,32.33
PB-BERT-medium,63,85.38,55.22,67.07,55.29,27.49,36.72,48.57,26.98,34.69,43.14,29.93,35.34,52.17,36.00,42.60,51.22,31.34,38.89,58.95,36.08,44.77
PB-BERT-medium,89,90.00,53.73,67.29,61.90,22.81,33.33,58.49,24.60,34.64,47.83,30.61,37.33,63.83,30.00,40.82,55.56,37.31,44.64,65.95,34.24,45.07
PB-BERT-medium,14,93.67,36.82,52.86,48.33,16.96,25.11,28.57,14.29,19.05,17.65,10.20,12.93,18.75,3.00,5.17,0.00,0.00,0.00,45.72,17.12,24.91
PB-BERT-medium,61,83.82,56.72,67.66,56.10,26.90,36.36,52.17,28.57,36.92,37.61,27.89,32.03,54.39,31.00,39.49,49.09,40.30,44.26,58.07,36.33,44.70
PB-BERT-medium,12,92.86,38.81,54.74,48.21,15.79,23.79,32.39,18.25,23.35,14.77,8.84,11.06,21.88,7.00,10.61,33.33,1.49,2.86,44.61,18.35,26.00
PB-BERT-medium,67,87.29,51.24,64.58,61.29,22.22,32.62,49.21,24.60,32.80,49.30,23.81,32.11,65.00,39.00,48.75,54.35,37.31,44.25,64.52,33.37,43.99
PB-BERT-medium,10,96.20,37.81,54.29,43.86,14.62,21.93,14.29,7.94,10.20,18.18,9.52,12.50,10.00,1.00,1.82,0.00,0.00,0.00,42.57,15.52,22.74
PB-BERT-medium,65,87.18,50.75,64.15,60.26,27.49,37.75,46.15,23.81,31.41,40.74,22.45,28.95,51.39,37.00,43.02,50.00,35.82,41.74,59.22,33.62,42.89
PB-BERT-medium,69,85.47,49.75,62.89,58.93,19.30,29.07,48.15,20.63,28.89,38.96,20.41,26.79,70.21,33.00,44.90,55.00,32.84,41.12,62.40,30.05,40.57
PB-BERT-medium,83,88.79,51.24,64.98,65.57,23.39,34.48,53.85,22.22,31.46,40.70,24.49,30.58,69.39,34.00,45.64,59.52,37.31,45.87,65.27,32.76,43.62
PB-BERT-medium,81,88.89,51.74,65.41,64.06,23.98,34.89,55.93,26.19,35.68,47.67,28.57,35.73,66.67,32.00,43.24,56.52,40.30,47.05,65.95,34.36,45.18
PB-BERT-medium,18,87.29,51.24,64.58,47.06,23.39,31.25,31.03,21.43,25.35,19.20,17.01,18.04,23.08,9.00,12.95,66.67,5.97,10.96,45.00,25.62,32.65
PB-BERT-medium,87,88.89,51.74,65.41,65.57,23.39,34.48,50.00,22.22,30.77,46.24,29.93,36.34,75.93,41.00,53.25,55.32,38.81,45.61,65.89,34.85,45.59
PB-BERT-medium,85,85.16,54.23,66.26,57.58,22.22,32.07,57.41,24.60,34.44,48.91,31.29,38.17,67.27,37.00,47.74,52.08,37.31,43.48,64.33,35.22,45.52
PB-BERT-medium,0,0.00,0.00,0.00,0.00,0.00,0.00,0.00,0.00,0.00,0.00,0.00,0.00,0.00,0.00,0.00,0.00,0.00,0.00,0.00,0.00,0.00
PB-BERT-medium,59,84.80,52.74,65.03,56.25,26.32,35.86,42.25,23.81,30.46,41.30,25.85,31.80,52.17,36.00,42.60,62.50,29.85,40.40,58.64,33.87,42.94
PB-BERT-medium,2,100.00,5.47,10.38,40.00,3.51,6.45,10.00,0.79,1.47,0.00,0.00,0.00,0.00,0.00,0.00,0.00,0.00,0.00,47.37,2.22,4.24
PB-BERT-medium,4,76.92,9.95,17.62,22.58,4.09,6.93,15.00,2.38,4.11,7.14,0.68,1.24,0.00,0.00,0.00,0.00,0.00,0.00,32.98,3.82,6.84
PB-BERT-medium,6,95.65,10.95,19.64,48.00,7.02,12.24,10.71,2.38,3.90,10.00,1.36,2.40,25.00,1.00,1.92,0.00,0.00,0.00,40.00,4.93,8.77
PB-BERT-medium,28,88.18,48.26,62.38,48.81,23.39,31.63,30.12,19.84,23.92,44.44,10.20,16.60,58.49,31.00,40.52,52.38,16.42,25.00,57.11,26.97,36.64
PB-BERT-medium,24,82.57,44.78,58.06,53.09,25.15,34.13,24.66,14.29,18.09,22.11,14.29,17.36,28.57,10.00,14.81,55.56,14.93,23.53,46.72,23.65,31.40
PB-BERT-medium,51,85.48,52.74,65.23,60.56,25.15,35.54,54.35,19.84,29.07,30.56,23.13,26.33,28.57,6.00,9.92,66.67,29.85,41.24,58.25,28.82,38.56
PB-BERT-medium,26,89.72,47.76,62.34,50.00,25.15,33.46,22.34,16.67,19.09,20.75,14.29,16.92,26.09,12.00,16.44,42.86,8.96,14.81,44.15,24.51,31.52
PB-BERT-medium,53,85.37,52.24,64.81,51.19,25.15,33.73,55.56,23.81,33.33,27.35,22.45,24.66,45.45,15.00,22.56,61.11,32.84,42.72,55.26,30.54,39.34
PB-BERT-medium,8,96.70,43.78,60.27,40.96,19.88,26.77,9.09,7.14,8.00,13.33,2.72,4.52,0.00,0.00,0.00,0.00,0.00,0.00,44.55,16.63,24.22
PB-BERT-medium,20,92.22,41.29,57.04,57.35,22.81,32.64,33.33,15.87,21.51,25.00,13.61,17.62,36.00,18.00,24.00,21.43,4.48,7.41,50.55,22.54,31.18
PB-BERT-medium,55,88.70,50.75,64.56,62.32,25.15,35.83,50.94,21.43,30.17,39.74,21.77,28.13,65.62,42.00,51.22,69.70,34.33,46.00,65.05,33.13,43.90
PB-BERT-medium,22,90.29,46.27,61.18,56.47,28.07,37.50,32.84,17.46,22.80,22.47,13.61,16.95,26.09,6.00,9.76,66.67,5.97,10.96,51.74,23.77,32.57
PB-BERT-medium,57,87.50,52.24,65.42,60.53,26.90,37.25,55.17,25.40,34.78,43.37,24.49,31.30,52.63,30.00,38.22,58.33,31.34,40.78,62.79,33.25,43.48
PB-BERT-medium,38,89.83,52.74,66.46,59.04,28.65,38.58,36.59,23.81,28.85,33.68,22.45,26.94,41.07,23.00,29.49,58.82,14.93,23.81,55.43,30.91,39.69
PB-BERT-medium,49,80.80,50.25,61.96,54.84,19.88,29.18,31.15,15.08,20.32,22.58,14.29,17.50,32.14,9.00,14.06,75.00,22.39,34.48,51.16,24.51,33.14
PB-BERT-medium,47,87.20,54.23,66.87,56.41,25.73,35.34,38.46,23.81,29.41,29.33,14.97,19.82,51.72,30.00,37.97,63.33,28.36,39.18,57.21,31.28,40.45
PB-BERT-medium,32,88.98,52.24,65.83,54.32,25.73,34.92,34.83,24.60,28.84,33.33,22.45,26.83,52.05,38.00,43.93,47.62,29.85,36.70,53.98,33.37,41.25
PB-BERT-medium,45,86.07,52.24,65.02,57.33,25.15,34.96,46.25,29.37,35.92,40.00,22.45,28.76,47.95,35.00,40.46,68.57,35.82,47.06,59.35,34.11,43.33
PB-BERT-medium,30,94.06,47.26,62.91,61.90,22.22,32.70,39.66,18.25,25.00,32.35,14.29,19.82,57.45,27.00,36.73,61.54,35.82,45.28,61.17,28.08,38.49
PB-BERT-medium,43,86.47,57.21,68.86,50.62,23.98,32.54,53.97,26.98,35.98,43.16,27.89,33.88,49.18,30.00,37.27,58.82,29.85,39.60,60.17,34.61,43.94
PB-BERT-medium,36,87.91,39.80,54.79,55.17,18.71,27.95,28.36,15.08,19.69,34.62,19.05,24.57,57.14,20.00,29.63,64.29,13.43,22.22,54.52,23.15,32.50
PB-BERT-medium,41,90.20,45.77,60.73,49.37,22.81,31.20,48.08,19.84,28.09,36.05,21.09,26.61,50.00,20.00,28.57,60.00,22.39,32.61,57.81,27.34,37.12
PB-BERT-medium,34,85.00,50.75,63.55,50.00,25.73,33.98,38.16,23.02,28.71,28.18,21.09,24.12,21.95,9.00,12.77,59.09,19.40,29.21,49.89,28.08,35.93
PB-BERT-medium,5,89.58,21.39,34.54,31.11,8.19,12.96,18.60,6.35,9.47,14.81,2.72,4.60,0.00,0.00,0.00,25.00,1.49,2.82,39.77,8.62,14.17
PB-BERT-medium,29,85.71,47.76,61.34,46.43,22.81,30.59,30.43,16.67,21.54,31.58,16.33,21.52,43.90,18.00,25.53,58.82,14.93,23.81,52.13,25.62,34.35
PB-BERT-medium,7,93.62,21.89,35.48,50.00,12.87,20.47,30.00,11.90,17.05,20.37,7.48,10.95,9.68,3.00,4.58,12.50,1.49,2.67,41.03,11.82,18.36
PB-BERT-medium,1,0.00,0.00,0.00,0.00,0.00,0.00,0.00,0.00,0.00,0.00,0.00,0.00,0.00,0.00,0.00,0.00,0.00,0.00,0.00,0.00,0.00
PB-BERT-medium,3,92.50,18.41,30.71,36.36,9.36,14.88,13.33,4.76,7.02,13.89,3.40,5.46,53.33,8.00,13.91,0.00,0.00,0.00,38.92,8.87,14.44
PB-BERT-medium,58,84.62,49.25,62.26,57.14,23.39,33.20,51.92,21.43,30.34,37.36,23.13,28.57,55.10,27.00,36.24,54.76,34.33,42.20,59.38,30.79,40.55
PB-BERT-medium,54,89.92,57.71,70.30,54.95,29.24,38.17,44.29,24.60,31.63,28.12,24.49,26.18,29.27,12.00,17.02,75.00,4.48,8.45,53.56,30.54,38.90
PB-BERT-medium,21,97.33,36.32,52.90,43.94,16.96,24.47,41.86,14.29,21.30,7.35,3.40,4.65,36.36,16.00,22.22,40.00,2.99,5.56,47.51,17.61,25.70
PB-BERT-medium,56,86.05,55.22,67.27,59.78,32.16,41.83,56.67,26.98,36.56,36.90,21.77,27.38,65.00,39.00,48.75,64.29,26.87,37.89,63.58,35.59,45.63
PB-BERT-medium,23,90.18,50.25,64.54,52.75,28.07,36.64,25.77,19.84,22.42,16.49,10.88,13.11,19.44,7.00,10.29,25.00,1.49,2.82,45.31,24.38,31.71
PB-BERT-medium,50,80.95,50.75,62.39,55.00,25.15,34.51,45.07,25.40,32.49,31.00,21.09,25.10,42.86,21.00,28.19,61.29,28.36,38.78,54.49,30.54,39.14
PB-BERT-medium,25,91.89,33.83,49.45,48.48,18.71,27.00,37.70,18.25,24.60,24.24,10.88,15.02,31.25,15.00,20.27,36.36,11.94,17.98,48.07,19.95,28.20
PB-BERT-medium,9,95.06,38.31,54.61,45.00,15.79,23.38,21.69,14.29,17.22,20.99,11.56,14.91,19.15,9.00,12.24,15.79,4.48,6.98,40.70,18.60,25.53
PB-BERT-medium,52,88.50,49.75,63.69,52.86,21.64,30.71,43.10,19.84,27.17,30.77,19.05,23.53,50.00,19.00,27.54,80.77,31.34,45.16,58.08,28.33,38.08
PB-BERT-medium,27,87.01,33.33,48.20,56.67,18.71,28.14,23.61,13.49,17.17,19.32,12.24,14.99,30.77,4.00,7.08,100.00,4.48,8.57,45.37,17.36,25.12
PB-BERT-medium,48,82.44,53.73,65.06,54.88,26.32,35.57,49.28,26.98,34.87,38.46,24.49,29.93,54.72,29.00,37.91,70.37,28.36,40.43,59.60,33.37,42.79
PB-BERT-medium,39,85.05,45.27,59.09,47.78,25.15,32.95,43.33,20.63,27.96,27.78,19.73,23.07,33.33,18.00,23.38,63.64,10.45,17.95,50.00,26.35,34.52
PB-BERT-medium,37,84.87,50.25,63.12,44.94,23.39,30.77,30.34,21.43,25.12,28.43,19.05,22.81,34.62,18.00,23.68,68.42,19.40,30.23,48.51,27.96,35.47
PB-BERT-medium,42,82.61,47.26,60.13,50.00,20.47,29.05,47.92,18.25,26.44,39.36,25.17,30.71,57.41,31.00,40.26,66.67,38.81,49.06,58.81,30.42,40.10
PB-BERT-medium,35,85.96,48.76,62.22,51.76,25.15,33.85,34.44,24.60,28.70,27.18,19.73,22.86,31.58,12.00,17.39,38.89,10.45,16.47,49.11,27.09,34.92
PB-BERT-medium,40,83.33,49.75,62.31,61.43,25.15,35.68,44.83,20.63,28.26,35.80,19.73,25.44,57.50,23.00,32.86,65.38,25.37,36.56,60.25,29.31,39.44
PB-BERT-medium,33,89.43,54.73,67.90,56.84,31.58,40.60,41.25,26.19,32.04,35.14,17.69,23.53,33.33,13.00,18.71,75.00,13.43,22.78,57.92,30.17,39.68
PB-BERT-medium,46,85.95,51.74,64.60,56.52,22.81,32.50,51.72,23.81,32.61,40.58,19.05,25.93,70.00,28.00,40.00,67.50,40.30,50.47,64.48,31.53,42.35
PB-BERT-medium,31,83.19,46.77,59.87,47.19,24.56,32.31,52.83,22.22,31.28,28.57,19.05,22.86,20.00,7.00,10.37,60.00,4.48,8.33,51.40,24.88,33.53
PB-BERT-medium,44,91.80,55.72,69.35,53.61,30.41,38.81,38.54,29.37,33.33,28.07,20.41,23.63,32.84,22.00,26.35,44.00,16.42,23.91,51.06,32.51,39.73
PB-BERT-medium,70,88.50,49.75,63.69,57.14,23.39,33.20,48.28,22.22,30.43,37.78,23.13,28.69,57.38,35.00,43.48,60.98,37.31,46.30,60.51,32.27,42.09
PB-BERT-medium,72,85.71,50.75,63.75,60.94,22.81,33.19,45.31,23.02,30.53,38.75,21.09,27.31,66.67,30.00,41.38,55.56,37.31,44.64,61.39,31.53,41.66
PB-BERT-medium,98,86.55,51.24,64.38,61.29,22.22,32.62,50.00,20.63,29.21,44.58,25.17,32.17,69.09,38.00,49.03,60.00,40.30,48.21,64.66,33.13,43.81
PB-BERT-medium,74,86.55,51.24,64.38,54.43,24.56,33.85,52.73,23.02,32.04,44.87,24.49,31.69,58.00,29.00,38.67,58.97,34.33,43.40,62.38,32.27,42.53
PB-BERT-medium,76,87.39,51.74,65.00,56.52,22.81,32.50,60.00,23.81,34.09,50.63,27.89,35.97,54.10,33.00,40.99,57.45,40.30,47.37,64.24,33.74,44.25
PB-BERT-medium,90,87.39,51.74,65.00,58.21,22.81,32.77,57.14,22.22,32.00,49.41,28.57,36.21,75.00,39.00,51.32,59.09,38.81,46.85,66.83,34.24,45.28
PB-BERT-medium,78,87.70,53.23,66.25,61.11,25.15,35.63,58.18,25.40,35.36,42.70,26.53,32.73,64.58,31.00,41.89,54.90,41.79,47.46,64.07,34.48,44.84
PB-BERT-medium,92,87.50,52.24,65.42,62.90,22.81,33.48,54.72,23.02,32.40,48.78,27.21,34.93,75.00,39.00,51.32,57.14,41.79,48.28,66.99,34.48,45.53
PB-BERT-medium,94,86.55,51.24,64.38,59.02,21.05,31.03,49.02,19.84,28.25,46.43,26.53,33.77,67.27,37.00,47.74,56.25,40.30,46.96,63.88,32.88,43.41
PB-BERT-medium,96,86.55,51.24,64.38,57.81,21.64,31.49,51.85,22.22,31.11,47.06,27.21,34.48,67.86,38.00,48.72,63.04,43.28,51.33,64.86,33.87,44.50
PB-BERT-medium,66,89.66,51.74,65.62,57.75,23.98,33.88,50.00,23.81,32.26,41.30,25.85,31.80,60.00,30.00,40.00,57.45,40.30,47.37,61.93,33.25,43.27
PB-BERT-medium,13,57.23,47.26,51.77,32.98,18.13,23.40,10.68,8.73,9.61,9.80,3.40,5.05,0.00,0.00,0.00,0.00,0.00,0.00,33.89,17.49,23.07
PB-BERT-medium,64,79.26,53.23,63.69,55.88,22.22,31.80,45.31,23.02,30.53,40.70,24.49,30.58,63.04,29.00,39.73,70.37,28.36,40.43,60.33,31.77,41.62
PB-BERT-medium,11,90.28,32.34,47.62,39.62,12.28,18.75,33.33,13.49,19.21,21.05,8.84,12.46,13.33,4.00,6.15,40.00,8.96,14.63,44.96,15.52,23.07
PB-BERT-medium,88,88.33,52.74,66.04,61.54,23.39,33.90,54.55,23.81,33.15,47.83,29.93,36.82,62.79,27.00,37.76,58.70,40.30,47.79,65.08,33.74,44.44
PB-BERT-medium,62,87.18,50.75,64.15,61.64,26.32,36.89,45.00,21.43,29.03,47.67,28.57,35.73,52.83,28.00,36.60,57.58,28.36,38.00,62.09,32.39,42.57
PB-BERT-medium,17,83.51,40.30,54.36,39.33,20.47,26.92,22.22,15.87,18.52,14.74,9.52,11.57,9.09,1.00,1.80,0.00,0.00,0.00,39.53,18.60,25.29
PB-BERT-medium,60,92.37,54.23,68.34,64.06,23.98,34.89,53.70,23.02,32.22,35.04,27.89,31.06,53.45,31.00,39.24,55.00,32.84,41.12,60.53,33.62,43.23
PB-BERT-medium,15,87.64,38.81,53.79,34.25,14.62,20.49,28.38,16.67,21.00,18.63,13.61,15.73,16.28,7.00,9.79,37.50,4.48,8.00,39.33,18.97,25.59
PB-BERT-medium,86,86.18,52.74,65.43,62.90,22.81,33.48,55.56,23.81,33.33,54.12,31.97,40.20,69.64,39.00,50.00,60.53,34.33,43.81,67.70,34.98,46.12
PB-BERT-medium,19,86.36,37.81,52.60,38.36,16.37,22.95,17.91,9.52,12.44,9.38,3.40,4.99,6.67,1.00,1.74,0.00,0.00,0.00,40.07,15.02,21.85
PB-BERT-medium,84,90.68,53.23,67.08,64.06,23.98,34.89,60.78,24.60,35.03,49.46,31.97,38.84,65.52,38.00,48.10,53.33,35.82,42.86,66.90,35.47,46.36
PB-BERT-medium,82,89.17,53.23,66.67,62.12,23.98,34.60,52.31,26.98,35.60,44.83,27.21,33.87,67.39,31.00,42.47,56.25,41.79,47.95,64.58,34.61,45.06
PB-BERT-medium,68,82.24,62.19,70.82,54.55,24.56,33.87,57.97,31.75,41.03,34.74,22.45,27.27,56.14,32.00,40.76,54.76,34.33,42.20,59.96,36.33,45.25
PB-BERT-medium,80,85.04,53.73,65.85,61.11,25.73,36.21,55.93,26.19,35.68,44.44,27.89,34.27,65.31,32.00,42.95,53.19,37.31,43.86,63.51,34.85,45.01
BERT-Base,116,80.95,50.75,62.39,54.84,19.88,29.18,50.00,22.22,30.77,42.50,23.13,29.96,69.23,36.00,47.37,59.65,52.24,55.70,61.89,33.13,43.16
BERT-Base,58,92.63,43.78,59.46,66.67,23.39,34.63,60.00,19.05,28.92,43.24,21.77,28.96,53.85,28.00,36.84,70.00,41.79,52.34,66.48,29.56,40.92
BERT-Base,3,81.82,4.48,8.49,33.33,0.58,1.15,33.33,1.59,3.03,20.00,0.68,1.32,25.00,1.00,1.92,0.00,0.00,0.00,48.28,1.72,3.33
BERT-Base,114,80.17,46.27,58.68,53.97,19.88,29.06,49.02,19.84,28.25,37.66,19.73,25.89,66.67,34.00,45.03,59.26,49.25,53.80,59.95,30.54,40.47
BERT-Base,1,0.00,0.00,0.00,0.00,0.00,0.00,0.00,0.00,0.00,0.00,0.00,0.00,0.00,0.00,0.00,0.00,0.00,0.00,0.00,0.00,0.00
BERT-Base,29,90.22,41.29,56.66,60.66,21.64,31.90,37.25,15.08,21.47,20.65,13.61,16.40,26.32,10.00,14.49,81.82,13.43,23.08,51.30,21.92,30.72
BERT-Base,7,93.33,6.97,12.96,45.45,2.92,5.49,18.18,1.59,2.92,33.33,2.72,5.03,45.45,5.00,9.01,83.33,7.46,13.70,53.03,4.31,7.97
BERT-Base,112,81.74,46.77,59.49,55.00,19.30,28.57,51.02,19.84,28.57,42.17,23.81,30.43,68.52,37.00,48.05,59.18,44.78,50.98,61.71,31.28,41.52
BERT-Base,5,100.00,8.96,16.44,66.67,3.51,6.67,25.00,2.38,4.35,26.67,2.72,4.94,53.33,8.00,13.91,36.36,5.97,10.26,53.75,5.30,9.64
BERT-Base,110,82.61,47.26,60.13,57.38,20.47,30.17,53.33,19.05,28.07,45.24,25.85,32.90,65.52,38.00,48.10,61.22,46.27,52.71,63.11,32.14,42.59
BERT-Base,9,90.54,33.33,48.73,47.17,14.62,22.32,26.00,10.32,14.77,30.43,8.84,13.70,40.74,22.00,28.57,47.37,13.43,20.93,50.68,18.35,26.94
BERT-Base,27,94.12,31.84,47.58,50.00,13.45,21.20,33.33,8.73,13.84,25.93,8.84,13.19,31.25,10.00,15.15,58.82,14.93,23.81,52.80,16.13,24.71
BERT-Base,52,85.25,51.74,64.40,51.65,27.49,35.88,47.22,26.98,34.34,42.70,26.53,32.73,52.86,37.00,43.53,53.85,41.79,47.06,58.06,35.59,44.13
BERT-Base,25,89.80,43.78,58.86,50.00,23.39,31.87,34.72,19.84,25.25,33.70,21.77,26.45,51.85,28.00,36.36,41.67,14.93,21.98,52.86,27.46,36.15
BERT-Base,50,88.30,41.29,56.27,50.82,18.13,26.72,39.39,20.63,27.08,36.36,22.45,27.76,60.78,31.00,41.06,44.68,31.34,36.84,55.04,27.71,36.86
BERT-Base,23,85.57,41.29,55.70,49.45,26.32,34.35,64.10,19.84,30.30,38.71,24.49,30.00,40.54,15.00,21.90,70.59,17.91,28.57,57.75,26.60,36.42
BERT-Base,56,84.43,51.24,63.78,57.14,21.05,30.77,42.11,19.05,26.23,42.55,27.89,33.70,57.35,39.00,46.43,51.72,44.78,48.00,58.87,33.62,42.80
BERT-Base,118,80.77,52.24,63.44,53.97,19.88,29.06,51.85,22.22,31.11,38.55,21.77,27.83,69.09,38.00,49.03,58.62,52.24,55.25,61.17,33.50,43.29
BERT-Base,21,86.11,46.27,60.19,54.84,29.82,38.64,52.38,26.19,34.92,33.68,21.09,25.94,53.12,34.00,41.46,41.82,34.33,37.70,55.65,32.64,41.14
BERT-Base,54,84.25,53.23,65.24,64.20,30.41,41.27,48.08,19.84,28.09,39.81,27.89,32.80,53.03,35.00,42.17,55.10,41.79,47.53,60.04,35.47,44.59
BERT-Base,100,79.49,46.27,58.49,53.85,16.37,25.11,47.37,21.43,29.51,37.80,21.09,27.07,71.15,37.00,48.68,55.56,46.27,50.49,59.42,30.42,40.24
BERT-Base,39,82.31,53.23,64.65,48.19,23.39,31.50,41.79,22.22,29.02,36.36,23.81,28.78,46.58,34.00,39.31,56.86,43.28,49.15,54.47,33.62,41.58
BERT-Base,102,79.83,47.26,59.38,51.52,19.88,28.69,40.00,20.63,27.23,36.71,19.73,25.66,64.71,33.00,43.71,60.38,49.25,54.25,57.51,30.79,40.10
BERT-Base,104,79.51,48.26,60.06,52.94,21.05,30.13,42.19,21.43,28.42,34.15,19.05,24.45,59.65,34.00,43.31,58.49,47.76,52.58,56.73,31.28,40.33
BERT-Base,106,82.35,48.76,61.25,52.78,22.22,31.28,49.12,22.22,30.60,38.71,24.49,30.00,62.07,36.00,45.57,66.67,49.25,56.65,59.96,33.13,42.68
BERT-Base,48,78.10,53.23,63.31,51.14,26.32,34.75,38.96,23.81,29.56,41.46,23.13,29.69,61.82,34.00,43.87,46.30,37.31,41.32,55.78,33.87,42.15
BERT-Base,44,78.74,49.75,60.98,49.30,20.47,28.93,32.93,21.43,25.96,26.19,14.97,19.05,50.91,28.00,36.13,73.08,28.36,40.86,51.91,28.45,36.75
BERT-Base,31,88.24,44.78,59.41,55.00,19.30,28.57,45.10,18.25,25.99,40.51,21.77,28.32,65.52,38.00,48.10,47.62,44.78,46.15,59.56,30.30,40.16
BERT-Base,46,81.54,52.74,64.05,47.62,29.24,36.23,53.57,23.81,32.97,43.40,31.29,36.36,50.72,35.00,41.42,52.31,50.75,51.52,56.69,37.07,44.83
BERT-Base,33,87.50,24.38,38.13,39.22,11.70,18.02,32.00,11.90,17.35,32.00,10.88,16.24,50.00,18.00,26.47,66.67,20.90,31.82,50.38,16.26,24.58
BERT-Base,108,79.34,47.76,59.63,47.14,19.30,27.39,46.03,23.02,30.69,37.80,21.09,27.07,62.90,39.00,48.15,58.18,49.25,53.35,57.40,32.14,41.21
BERT-Base,40,86.96,39.80,54.61,64.41,22.22,33.04,54.35,19.84,29.07,40.28,19.73,26.48,56.86,29.00,38.41,60.00,37.31,46.01,62.50,27.83,38.51
BERT-Base,35,89.00,44.28,59.14,56.92,21.64,31.36,52.08,19.84,28.74,38.24,17.69,24.19,56.25,36.00,43.90,67.44,43.28,52.73,62.37,29.80,40.33
BERT-Base,42,79.59,58.21,67.24,61.82,19.88,30.09,45.07,25.40,32.49,49.41,29.25,36.75,63.89,46.00,53.49,52.00,40.30,45.41,61.88,36.82,46.17
BERT-Base,37,86.81,39.30,54.11,57.75,23.98,33.88,48.15,20.63,28.89,40.32,17.01,23.92,55.93,33.00,41.51,59.09,40.30,47.92,60.37,28.45,38.67
BERT-Base,76,82.86,43.28,56.86,57.58,22.22,32.07,54.76,18.25,27.38,44.87,23.81,31.11,53.85,28.00,36.84,53.19,38.81,44.87,60.51,29.19,39.38
BERT-Base,74,75.54,52.24,61.76,50.60,24.56,33.07,45.61,20.63,28.42,40.48,23.13,29.44,43.66,31.00,36.26,57.14,49.25,52.91,55.10,33.37,41.57
BERT-Base,98,82.61,47.26,60.13,59.38,22.22,32.34,41.54,21.43,28.27,34.88,20.41,25.75,66.00,33.00,44.00,59.26,49.25,53.80,58.76,31.53,41.04
BERT-Base,72,77.52,49.75,60.61,43.37,21.05,28.35,41.10,23.81,30.15,38.61,26.53,31.45,44.26,27.00,33.54,56.36,46.27,50.82,52.39,32.39,40.03
BERT-Base,70,77.27,50.75,61.26,45.16,24.56,31.82,32.94,22.22,26.54,41.11,25.17,31.22,45.95,34.00,39.08,56.36,47.76,51.71,51.80,33.87,40.96
BERT-Base,96,84.68,46.77,60.26,55.71,22.81,32.37,50.00,21.43,30.00,38.16,19.73,26.01,72.22,39.00,50.65,60.78,47.76,53.49,62.26,32.02,42.29
BERT-Base,94,80.00,49.75,61.35,54.79,23.39,32.79,50.00,23.02,31.52,36.05,20.41,26.06,61.82,34.00,43.87,50.91,43.28,46.79,57.96,32.27,41.46
BERT-Base,92,79.39,51.74,62.65,50.63,23.39,32.00,48.44,24.60,32.63,34.91,25.85,29.70,60.00,36.00,45.00,47.62,46.27,46.93,55.27,34.48,42.47
BERT-Base,78,78.46,50.75,61.63,53.33,23.39,32.52,42.31,26.19,32.35,41.76,25.85,31.93,58.33,35.00,43.75,57.41,47.76,52.14,57.17,34.48,43.02
BERT-Base,90,78.26,53.73,63.72,51.58,28.65,36.84,43.33,30.95,36.11,39.62,29.25,33.66,54.84,34.00,41.98,45.59,47.76,46.65,54.20,37.56,44.37
BERT-Base,15,87.72,24.88,38.76,40.43,11.11,17.43,26.19,8.73,13.10,26.83,6.80,10.85,56.41,22.00,31.65,39.13,13.43,20.00,49.00,14.90,22.85
BERT-Base,60,80.00,53.73,64.29,55.91,30.41,39.39,40.35,18.25,25.14,35.96,21.77,27.12,55.71,39.00,45.88,54.55,46.27,50.07,56.91,35.10,43.42
BERT-Base,17,89.33,33.33,48.55,50.00,16.37,24.67,52.27,18.25,27.06,25.00,10.20,14.49,48.00,24.00,32.00,50.00,16.42,24.72,54.69,20.69,30.02
BERT-Base,62,84.68,52.24,64.62,54.32,25.73,34.92,49.21,24.60,32.80,35.29,20.41,25.86,55.88,38.00,45.24,53.70,44.78,48.84,58.32,34.24,43.14
BERT-Base,88,82.44,53.73,65.06,51.28,23.39,32.13,47.54,23.02,31.02,39.53,23.81,29.72,48.57,34.00,40.00,52.73,44.78,48.43,56.96,33.99,42.58
BERT-Base,11,84.62,16.42,27.50,53.33,9.36,15.92,47.06,6.35,11.19,48.15,8.16,13.96,51.43,18.00,26.67,40.00,5.97,10.39,58.23,11.21,18.80
BERT-Base,64,78.57,49.25,60.55,50.00,28.65,36.43,40.00,20.63,27.23,45.68,25.17,32.46,51.79,29.00,37.18,46.77,44.78,45.75,55.12,33.25,41.48
BERT-Base,13,90.38,23.38,37.15,36.00,10.53,16.29,30.00,9.52,14.46,42.42,8.84,14.64,64.71,22.00,32.84,53.33,11.94,19.51,54.02,14.78,23.21
BERT-Base,66,83.87,51.74,64.00,48.35,25.73,33.59,46.67,22.22,30.11,40.66,24.49,30.57,54.24,32.00,40.25,58.00,44.78,50.54,57.68,33.74,42.58
BERT-Base,80,81.06,53.23,64.26,54.76,26.90,36.08,45.90,22.22,29.95,29.52,21.09,24.60,43.55,27.00,33.33,58.18,47.76,52.46,54.31,33.37,41.34
BERT-Base,68,85.48,52.74,65.23,52.44,25.15,33.99,49.30,27.78,35.53,35.59,29.25,32.11,44.16,34.00,38.42,55.77,43.28,48.74,55.15,35.71,43.35
BERT-Base,82,81.51,48.26,60.63,56.96,26.32,36.00,42.86,21.43,28.57,34.09,20.41,25.53,50.00,30.00,37.50,53.03,53.73,53.38,55.58,32.64,41.12
BERT-Base,84,81.40,52.24,63.64,54.64,30.99,39.55,47.95,27.78,35.18,36.47,21.09,26.72,56.72,38.00,45.51,55.36,47.76,51.28,57.79,36.21,44.52
BERT-Base,19,87.01,33.33,48.20,39.06,14.62,21.28,45.65,16.67,24.42,30.65,12.93,18.18,58.49,31.00,40.52,68.18,22.39,33.71,54.94,21.92,31.34
BERT-Base,86,79.03,48.76,60.31,48.65,21.05,29.39,46.43,20.63,28.57,35.23,21.09,26.38,67.35,33.00,44.30,59.65,52.24,55.70,57.59,31.90,41.05
BERT-Base,73,73.53,49.75,59.35,44.44,23.39,30.65,48.28,22.22,30.43,38.82,22.45,28.45,51.67,31.00,38.75,48.28,43.28,45.64,53.39,32.14,40.13
BERT-Base,99,80.51,47.26,59.56,52.94,21.05,30.13,48.33,23.02,31.18,36.36,19.05,25.00,64.52,40.00,49.38,57.41,47.76,52.14,59.00,32.02,41.51
BERT-Base,71,81.89,51.74,63.41,45.05,23.98,31.30,39.44,22.22,28.43,40.21,26.53,31.97,44.58,37.00,40.44,58.82,44.78,50.85,53.65,34.36,41.89
BERT-Base,77,83.06,51.24,63.38,49.33,21.64,30.08,48.15,20.63,28.89,45.05,27.89,34.45,46.97,31.00,37.35,51.67,46.27,48.82,57.23,33.13,41.97
BERT-Base,75,79.07,50.75,61.82,53.49,26.90,35.80,43.33,20.63,27.96,40.22,25.17,30.96,59.62,31.00,40.79,55.56,44.78,49.59,57.51,33.50,42.33
BERT-Base,79,83.78,46.27,59.62,57.81,21.64,31.49,43.55,21.43,28.72,42.35,25.17,31.58,57.78,26.00,35.86,53.85,41.79,47.06,58.95,30.54,40.24
BERT-Base,93,79.69,50.75,62.01,53.42,22.81,31.97,51.85,22.22,31.11,36.36,21.77,27.23,61.40,35.00,44.59,50.91,43.28,46.79,58.02,32.64,41.77
BERT-Base,91,79.69,50.75,62.01,52.78,22.22,31.28,43.06,24.60,31.31,33.02,24.49,28.12,64.81,35.00,45.45,55.74,52.24,53.93,55.78,34.11,42.34
BERT-Base,97,83.19,46.77,59.87,55.22,21.64,31.09,52.83,22.22,31.28,34.83,21.09,26.27,56.45,35.00,43.21,62.96,50.75,56.20,59.13,31.90,41.44
BERT-Base,95,78.15,46.27,58.12,54.29,22.22,31.54,49.09,21.43,29.83,32.97,20.41,25.21,62.00,31.00,41.33,62.50,44.78,52.17,57.51,30.67,40.00
BERT-Base,65,78.08,56.72,65.71,48.08,29.24,36.36,40.26,24.60,30.54,46.25,25.17,32.60,43.42,33.00,37.50,49.21,47.76,48.47,54.21,36.58,43.68
BERT-Base,10,88.89,15.92,27.00,45.16,7.60,13.01,47.06,6.35,11.19,42.86,4.76,8.57,65.38,17.00,26.98,54.55,8.96,15.38,60.56,10.22,17.49
BERT-Base,67,78.42,54.23,64.12,48.89,25.73,33.72,52.31,26.98,35.60,38.95,25.17,30.58,54.17,39.00,45.35,60.00,50.75,54.99,57.36,36.58,44.67
BERT-Base,12,94.03,31.34,47.01,57.45,15.79,24.77,56.25,14.29,22.78,54.55,15.65,24.32,68.75,22.00,33.33,72.00,26.87,39.13,69.64,21.06,32.34
BERT-Base,61,81.82,53.73,64.86,57.83,28.07,37.80,45.31,23.02,30.53,38.10,21.77,27.71,61.02,36.00,45.28,45.31,43.28,44.27,58.02,34.73,43.45
BERT-Base,14,91.53,26.87,41.54,46.15,14.04,21.52,59.38,15.08,24.05,33.96,12.24,18.00,51.02,25.00,33.56,42.31,16.42,23.66,55.72,18.60,27.89
BERT-Base,89,79.31,57.21,66.47,48.19,23.39,31.50,48.75,30.95,37.86,40.22,25.85,31.47,53.97,34.00,41.72,53.97,52.24,53.09,56.84,37.07,44.87
BERT-Base,63,87.60,52.74,65.84,52.87,26.90,35.66,53.23,26.19,35.11,40.70,23.81,30.04,62.75,32.00,42.38,64.00,49.25,55.67,62.14,35.10,44.86
BERT-Base,16,81.90,47.26,59.94,58.33,24.56,34.57,36.71,23.02,28.29,47.14,21.77,29.78,59.68,37.00,45.68,60.47,38.81,47.27,59.28,32.14,41.68
BERT-Base,85,81.45,50.25,62.15,47.06,23.39,31.25,48.53,26.19,34.02,37.21,21.77,27.47,55.93,33.00,41.51,61.11,50.75,55.45,57.14,33.62,42.33
BERT-Base,87,82.40,51.24,63.19,52.44,25.15,33.99,50.77,26.19,34.55,51.35,26.53,34.99,52.17,36.00,42.60,58.82,46.27,51.80,60.73,35.10,44.49
BERT-Base,18,91.67,32.84,48.35,64.15,19.88,30.36,55.26,16.67,25.61,21.05,10.88,14.35,42.55,20.00,27.21,53.85,10.45,17.50,54.85,20.20,29.52
BERT-Base,81,83.90,49.25,62.07,51.56,19.30,28.09,44.83,20.63,28.26,37.50,23.13,28.61,56.86,29.00,38.41,64.15,52.24,57.59,58.80,31.53,41.05
BERT-Base,83,82.84,55.22,66.27,52.38,25.73,34.51,49.25,26.19,34.20,41.03,22.45,29.02,52.63,40.00,45.45,53.23,50.75,51.96,58.48,36.33,44.82
BERT-Base,69,81.20,47.26,59.75,50.70,21.05,29.75,37.88,19.84,26.04,43.21,24.49,31.26,56.45,35.00,43.21,51.85,41.79,46.28,56.32,31.40,40.32
BERT-Base,113,80.67,47.76,60.00,54.84,19.88,29.18,49.02,19.84,28.25,36.90,21.09,26.84,66.67,36.00,46.75,58.49,47.76,52.58,59.81,31.28,41.08
BERT-Base,6,95.45,10.45,18.83,58.33,4.09,7.65,33.33,3.17,5.80,35.71,3.40,6.21,64.29,9.00,15.79,100.00,2.99,5.80,63.16,5.91,10.81
BERT-Base,28,85.37,52.24,64.81,48.39,26.32,34.09,48.53,26.19,34.02,41.18,23.13,29.62,48.75,39.00,43.33,47.54,43.28,45.31,56.08,35.10,43.17
BERT-Base,111,81.90,47.26,59.94,55.74,19.88,29.31,54.55,19.05,28.24,42.31,22.45,29.33,66.04,35.00,45.75,57.41,47.76,52.14,62.07,31.16,41.49
BERT-Base,4,90.91,9.95,17.94,75.00,7.02,12.83,26.67,3.17,5.67,27.78,3.40,6.06,29.41,5.00,8.55,100.00,2.99,5.80,53.33,5.91,10.64
BERT-Base,2,89.47,8.46,15.45,46.67,4.09,7.53,13.33,1.59,2.84,13.33,1.36,2.47,13.33,2.00,3.48,20.00,1.49,2.78,36.90,3.82,6.92
BERT-Base,59,78.67,58.71,67.24,40.80,29.82,34.46,32.61,23.81,27.52,34.48,20.41,25.64,54.05,40.00,45.98,67.35,49.25,56.90,52.34,37.19,43.48
BERT-Base,117,81.75,51.24,63.00,54.10,19.30,28.45,54.72,23.02,32.40,40.51,21.77,28.32,66.67,36.00,46.75,60.71,52.24,56.16,62.24,33.00,43.14
BERT-Base,0,0.00,0.00,0.00,0.00,0.00,0.00,0.00,0.00,0.00,0.00,0.00,0.00,0.00,0.00,0.00,0.00,0.00,0.00,0.00,0.00,0.00
BERT-Base,115,82.11,50.25,62.35,55.00,19.30,28.57,50.00,22.22,30.77,40.74,22.45,28.95,65.45,36.00,46.45,63.46,50.75,56.40,61.83,32.64,42.72
BERT-Base,119,80.15,52.24,63.25,55.74,19.88,29.31,51.85,22.22,31.11,39.02,21.77,27.95,67.86,38.00,48.72,56.67,52.24,54.36,61.04,33.50,43.26
BERT-Base,57,82.11,50.25,62.35,51.81,25.15,33.86,50.00,21.43,30.00,40.59,28.57,33.54,51.61,32.00,39.51,51.85,43.28,47.18,57.02,33.74,42.40
BERT-Base,22,78.89,35.32,48.80,41.33,18.13,25.20,41.67,19.84,26.88,36.23,17.69,23.77,45.28,24.00,31.37,52.38,16.42,25.00,50.82,23.15,31.81
BERT-Base,55,83.47,50.25,62.73,52.38,25.73,34.51,50.88,23.02,31.69,46.99,27.21,34.46,61.90,39.00,47.85,61.76,32.84,42.88,61.76,33.87,43.75
BERT-Base,20,79.84,51.24,62.42,55.68,28.65,37.84,36.49,21.43,27.00,40.45,25.17,31.03,52.94,36.00,42.86,54.00,41.79,47.12,55.82,34.48,42.63
BERT-Base,53,81.82,53.73,64.86,58.43,29.82,39.49,35.90,22.22,27.45,44.71,26.53,33.30,55.36,31.00,39.74,62.86,34.33,44.41,58.74,34.48,43.45
BERT-Base,26,90.91,39.80,55.36,50.00,16.37,24.67,35.19,15.08,21.11,40.91,12.24,18.85,52.54,31.00,38.99,44.44,17.91,25.53,57.32,23.15,32.98
BERT-Base,8,96.15,24.88,39.53,44.19,11.11,17.76,48.48,12.70,20.13,28.95,6.80,11.02,40.00,16.00,22.86,50.00,14.93,22.99,53.98,14.90,23.36
BERT-Base,51,85.71,47.76,61.34,46.75,21.05,29.03,38.18,16.67,23.20,35.58,25.17,29.48,56.14,32.00,40.76,49.06,40.30,44.25,54.15,30.67,39.16
BERT-Base,24,84.62,27.36,41.35,50.00,15.20,23.32,35.14,10.32,15.95,40.00,10.20,16.26,59.09,26.00,36.11,30.00,8.96,13.79,55.34,17.36,26.43
BERT-Base,105,83.47,50.25,62.73,52.11,21.64,30.58,46.03,23.02,30.69,34.88,20.41,25.75,62.07,36.00,45.57,61.54,49.25,54.72,58.76,32.76,42.07
BERT-Base,49,88.24,44.78,59.41,62.50,14.62,23.70,64.29,14.29,23.38,48.15,18.37,26.59,68.89,31.00,42.76,58.70,41.79,48.82,68.89,26.97,38.76
BERT-Base,107,81.90,47.26,59.94,52.24,20.47,29.41,44.83,20.63,28.26,34.48,20.41,25.64,60.00,36.00,45.00,62.50,46.27,53.17,57.80,31.16,40.49
BERT-Base,101,81.20,47.26,59.75,51.52,19.88,28.69,41.54,21.43,28.27,39.29,22.45,28.57,62.50,35.00,44.87,58.49,47.76,52.58,57.82,31.53,40.81
BERT-Base,103,81.20,47.26,59.75,55.56,20.47,29.91,42.00,16.67,23.86,38.96,20.41,26.79,60.78,31.00,41.06,56.60,46.27,50.92,58.88,29.93,39.68
BERT-Base,38,87.39,51.74,65.00,54.44,28.65,37.55,54.24,25.40,34.59,47.76,21.77,29.91,61.11,33.00,42.86,60.42,44.78,51.43,63.84,34.48,44.78
BERT-Base,34,92.68,37.81,53.71,50.77,19.30,27.97,36.36,15.87,22.10,25.00,12.93,17.04,40.00,16.00,22.86,64.29,13.43,22.22,52.11,21.31,30.24
BERT-Base,41,92.41,36.32,52.14,64.29,21.05,31.72,44.44,15.87,23.39,36.76,17.01,23.26,51.02,25.00,33.56,51.43,26.87,35.29,59.34,24.26,34.44
BERT-Base,36,87.74,46.27,60.59,61.76,24.56,35.15,52.08,19.84,28.74,41.49,27.21,32.87,52.31,34.00,41.21,53.33,35.82,42.86,60.33,31.77,41.62
BERT-Base,43,86.36,47.26,61.09,60.81,26.32,36.73,51.85,22.22,31.11,40.00,21.09,27.62,59.02,36.00,44.72,57.50,34.33,42.99,62.08,31.77,42.03
BERT-Base,30,80.92,52.74,63.86,48.04,28.65,35.90,56.86,23.02,32.77,36.36,23.81,28.78,53.42,39.00,45.09,42.62,38.81,40.62,55.13,34.98,42.80
BERT-Base,45,79.86,55.22,65.29,51.96,30.99,38.83,38.27,24.60,29.95,39.02,21.77,27.95,63.08,41.00,49.70,53.12,52.24,52.68,56.66,37.32,45.00
BERT-Base,109,80.51,47.26,59.56,52.86,21.64,30.71,49.09,21.43,29.83,46.67,23.81,31.53,62.12,41.00,49.40,60.00,46.27,52.25,61.06,32.76,42.64
BERT-Base,32,87.37,41.29,56.08,45.07,18.71,26.45,36.59,11.90,17.96,33.33,18.37,23.68,56.67,34.00,42.50,71.88,34.33,46.46,56.32,26.35,35.91
BERT-Base,47,85.85,45.27,59.28,53.16,24.56,33.60,37.70,18.25,24.60,36.90,21.09,26.84,38.27,31.00,34.25,50.91,43.28,46.79,52.79,30.42,38.60
BERT-Small,0,0.00,0.00,0.00,0.00,0.00,0.00,0.00,0.00,0.00,0.00,0.00,0.00,0.00,0.00,0.00,0.00,0.00,0.00,0.00,0.00,0.00
BERT-Small,2,0.00,0.00,0.00,0.00,0.00,0.00,0.00,0.00,0.00,0.00,0.00,0.00,0.00,0.00,0.00,0.00,0.00,0.00,0.00,0.00,0.00
BERT-Small,59,83.59,53.23,65.05,51.65,27.49,35.88,52.00,20.63,29.55,30.86,17.01,21.93,50.88,29.00,36.94,62.50,37.31,46.73,57.94,31.90,41.14
BERT-Small,4,93.10,13.43,23.48,32.14,5.26,9.05,21.88,5.56,8.86,26.09,4.08,7.06,0.00,0.00,0.00,0.00,0.00,0.00,42.98,6.03,10.58
BERT-Small,6,100.00,8.96,16.44,33.33,3.51,6.35,10.53,1.59,2.76,31.58,4.08,7.23,0.00,0.00,0.00,0.00,0.00,0.00,41.03,3.94,7.19
BERT-Small,28,81.16,55.72,66.08,52.27,26.90,35.52,39.19,23.02,29.00,25.84,15.65,19.49,38.64,17.00,23.61,48.78,31.34,38.16,52.11,30.54,38.51
BERT-Small,24,84.75,49.75,62.70,60.87,24.56,35.00,34.18,21.43,26.34,23.29,11.56,15.45,20.00,3.00,5.22,100.00,1.49,2.94,53.52,23.40,32.56
BERT-Small,51,84.68,52.24,64.62,58.23,26.90,36.80,42.59,18.25,25.56,39.47,20.41,26.91,57.69,30.00,39.47,53.66,32.84,40.74,60.09,31.53,41.36
BERT-Small,26,92.86,45.27,60.87,65.45,21.05,31.86,40.00,19.05,25.81,27.85,14.97,19.47,30.77,16.00,21.05,80.00,13.43,23.00,55.65,24.38,33.91
BERT-Small,53,85.71,50.75,63.75,52.81,27.49,36.15,43.10,19.84,27.17,33.33,14.97,20.66,57.41,31.00,40.26,63.16,35.82,45.71,59.20,30.91,40.61
BERT-Small,8,95.16,29.35,44.87,50.00,13.45,21.20,16.36,7.14,9.94,14.63,4.08,6.38,66.67,2.00,3.88,0.00,0.00,0.00,47.83,12.19,19.43
BERT-Small,20,86.24,46.77,60.65,58.11,25.15,35.10,26.32,15.87,19.80,20.21,12.93,15.77,21.43,6.00,9.38,0.00,0.00,0.00,47.40,22.41,30.43
BERT-Small,55,83.70,56.22,67.26,51.65,27.49,35.88,41.79,22.22,29.02,30.14,14.97,20.00,56.00,28.00,37.33,63.89,34.33,44.66,57.74,32.14,41.30
BERT-Small,22,84.68,46.77,60.26,51.76,25.73,34.38,25.00,19.05,21.62,18.68,11.56,14.29,30.56,11.00,16.18,71.43,7.46,13.51,45.77,24.01,31.50
BERT-Small,57,81.29,56.22,66.47,51.11,26.90,35.25,38.55,25.40,30.62,34.67,17.69,23.42,58.00,29.00,38.67,64.86,37.31,47.37,56.96,33.37,42.09
BERT-Small,38,84.56,57.21,68.25,53.93,28.07,36.92,31.46,22.22,26.05,29.89,17.69,22.22,42.59,23.00,29.87,65.62,31.34,42.42,53.59,32.14,40.18
BERT-Small,49,86.05,55.22,67.27,55.84,25.15,34.68,32.10,20.63,25.12,19.78,12.24,15.13,55.56,15.00,23.62,73.33,32.84,45.36,54.02,28.94,37.69
BERT-Small,47,81.43,56.72,66.86,50.00,26.32,34.48,37.33,22.22,27.86,30.49,17.01,21.83,66.67,30.00,41.38,59.46,32.84,42.31,56.29,32.51,41.22
BERT-Small,32,97.56,19.90,33.06,62.50,11.70,19.70,9.52,3.17,4.76,0.00,0.00,0.00,0.00,0.00,0.00,0.00,0.00,0.00,42.38,7.88,13.29
BERT-Small,45,81.68,53.23,64.46,53.75,25.15,34.26,39.66,18.25,25.00,31.03,18.37,23.08,60.71,17.00,26.56,70.97,32.84,44.90,57.59,29.43,38.96
BERT-Small,30,86.51,54.23,66.67,48.89,25.73,33.72,29.07,19.84,23.58,30.21,19.73,23.87,33.87,21.00,25.93,55.56,7.46,13.16,49.68,28.69,36.38
BERT-Small,43,76.39,54.73,63.77,54.65,27.49,36.58,31.33,20.63,24.88,28.57,12.24,17.14,57.14,24.00,33.80,61.54,11.94,20.00,54.06,28.69,37.49
BERT-Small,36,84.13,52.74,64.83,55.68,28.65,37.84,32.53,21.43,25.84,18.89,11.56,14.35,37.50,9.00,14.52,84.21,23.88,37.21,52.09,27.59,36.07
BERT-Small,41,85.00,50.75,63.55,49.41,24.56,32.81,33.70,24.60,28.44,30.85,19.73,24.07,31.71,13.00,18.44,65.52,28.36,39.58,51.19,29.06,37.08
BERT-Small,34,85.19,45.77,59.55,54.65,27.49,36.58,35.21,19.84,25.38,28.89,17.69,21.94,53.66,22.00,31.21,75.00,17.91,28.92,54.37,27.59,36.60
BERT-Small,75,83.08,53.73,65.26,61.64,26.32,36.89,48.21,21.43,29.67,41.46,23.13,29.69,59.18,29.00,38.93,55.32,38.81,45.61,61.56,33.13,43.07
BERT-Small,77,80.30,52.74,63.66,58.44,26.32,36.29,40.98,19.84,26.74,45.16,19.05,26.79,60.00,33.00,42.58,65.96,46.27,54.39,61.75,33.00,43.02
BERT-Small,71,86.29,53.23,65.85,62.16,26.90,37.55,49.09,21.43,29.83,35.29,19.73,25.31,56.82,25.00,34.72,60.00,40.30,48.21,61.36,32.14,42.19
BERT-Small,99,79.26,53.23,63.69,58.33,24.56,34.57,38.98,18.25,24.86,35.62,17.69,23.64,68.09,32.00,43.54,62.22,41.79,50.00,59.86,31.77,41.51
BERT-Small,73,80.30,52.74,63.66,57.65,28.65,38.28,37.70,18.25,24.60,38.57,18.37,24.88,63.46,33.00,43.42,66.67,41.79,51.38,60.18,32.76,42.42
BERT-Small,95,80.45,53.23,64.07,60.00,24.56,34.85,45.10,18.25,25.99,37.31,17.01,23.36,65.22,30.00,41.10,64.44,43.28,51.79,62.14,31.53,41.83
BERT-Small,97,79.85,53.23,63.88,59.15,24.56,34.71,42.59,18.25,25.56,36.62,17.69,23.85,65.96,31.00,42.18,63.04,43.28,51.33,60.99,31.77,41.78
BERT-Small,91,80.15,52.24,63.25,58.57,23.98,34.02,42.59,18.25,25.56,37.68,17.69,24.07,58.00,29.00,38.67,64.44,43.28,51.79,60.38,31.16,41.10
BERT-Small,93,82.95,53.23,64.85,61.76,24.56,35.15,45.10,18.25,25.99,40.00,17.69,24.53,62.00,31.00,41.33,64.44,43.28,51.79,63.24,31.77,42.30
BERT-Small,79,82.93,50.75,62.96,60.00,21.05,31.17,47.73,16.67,24.71,38.81,17.69,24.30,65.22,30.00,41.10,66.67,32.84,44.00,63.54,29.19,40.00
BERT-Small,16,90.10,45.27,60.26,60.26,27.49,37.75,23.47,18.25,20.54,19.35,12.24,15.00,0.00,0.00,0.00,50.00,1.49,2.90,46.04,22.17,29.93
BERT-Small,63,78.47,56.22,65.51,56.82,29.24,38.61,38.75,24.60,30.10,34.92,14.97,20.95,56.86,29.00,38.41,57.14,35.82,44.04,57.48,33.13,42.03
BERT-Small,89,78.52,52.74,63.10,62.69,24.56,35.29,45.45,19.84,27.62,36.76,17.01,23.26,60.00,30.00,40.00,75.61,46.27,57.41,62.26,31.90,42.18
BERT-Small,14,89.53,38.31,53.66,62.69,23.98,34.69,21.79,13.49,16.67,17.05,10.88,13.29,9.09,2.00,3.28,0.00,0.00,0.00,44.48,18.84,26.47
BERT-Small,61,88.43,53.23,66.46,57.69,26.32,36.14,45.45,23.81,31.25,38.36,19.05,25.45,62.96,34.00,44.16,71.05,41.79,52.63,63.02,33.50,43.74
BERT-Small,12,88.16,33.33,48.38,76.92,17.54,28.57,19.23,7.94,11.24,21.31,8.84,12.50,25.81,8.00,12.21,50.00,1.49,2.90,49.43,15.89,24.04
BERT-Small,67,82.26,50.75,62.77,55.56,26.32,35.71,40.68,19.05,25.95,40.30,18.37,25.23,62.75,32.00,42.38,66.67,44.78,53.57,60.89,32.02,41.97
BERT-Small,10,97.30,17.91,30.25,72.41,12.28,21.00,28.57,6.35,10.39,13.79,2.72,4.55,17.65,3.00,5.13,0.00,0.00,0.00,51.43,8.87,15.13
BERT-Small,65,81.95,54.23,65.27,54.44,28.65,37.55,42.86,21.43,28.57,38.46,21.09,27.24,60.78,31.00,41.06,64.10,37.31,47.17,59.69,33.50,42.91
BERT-Small,69,83.93,46.77,60.06,59.21,26.32,36.44,25.00,14.29,18.18,27.27,10.20,14.85,52.78,19.00,27.94,62.96,25.37,36.17,55.03,25.62,34.96
BERT-Small,83,84.55,51.74,64.20,61.19,23.98,34.45,42.86,19.05,26.37,39.44,19.05,25.69,60.87,28.00,38.36,68.18,44.78,54.05,62.65,31.40,41.84
BERT-Small,81,75.33,56.22,64.39,52.86,21.64,30.71,43.10,19.84,27.17,42.67,21.77,28.83,63.93,39.00,48.45,65.31,47.76,55.17,60.04,34.24,43.61
BERT-Small,18,92.05,40.30,56.06,71.19,24.56,36.52,32.76,15.08,20.65,28.38,14.29,19.00,24.56,14.00,17.83,42.86,8.96,14.81,52.29,22.54,31.50
BERT-Small,87,78.83,53.73,63.91,60.56,25.15,35.54,48.00,19.05,27.27,40.00,21.77,28.19,62.75,32.00,42.38,63.41,38.81,48.15,61.63,32.64,42.67
BERT-Small,85,81.34,54.23,65.07,58.54,28.07,37.94,42.31,17.46,24.72,44.44,19.05,26.67,61.67,37.00,46.25,73.17,44.78,55.56,63.43,33.74,44.05
BERT-Small,70,85.48,52.74,65.23,55.42,26.90,36.22,50.88,23.02,31.69,36.99,18.37,24.55,56.86,29.00,38.41,60.42,43.28,50.43,61.01,32.76,42.63
BERT-Small,72,83.20,51.74,63.80,57.14,28.07,37.65,42.37,19.84,27.03,32.91,17.69,23.01,60.71,17.00,26.56,72.22,38.81,50.49,59.85,30.30,40.23
BERT-Small,98,79.85,53.23,63.88,58.33,24.56,34.57,41.07,18.25,25.27,34.72,17.01,22.83,65.22,30.00,41.10,63.04,43.28,51.33,60.09,31.53,41.36
BERT-Small,74,85.00,50.75,63.55,56.25,26.32,35.86,46.03,23.02,30.69,39.76,22.45,28.70,65.31,32.00,42.95,60.47,38.81,47.27,60.96,32.88,42.72
BERT-Small,76,79.70,52.74,63.47,59.15,24.56,34.71,45.28,19.05,26.82,38.67,19.73,26.13,65.31,32.00,42.95,68.89,46.27,55.36,61.97,32.51,42.65
BERT-Small,90,84.35,48.26,61.39,61.40,20.47,30.70,44.90,17.46,25.14,41.54,18.37,25.47,64.58,31.00,41.89,65.12,41.79,50.91,63.66,29.56,40.37
BERT-Small,78,82.81,52.74,64.44,62.12,23.98,34.60,47.06,19.05,27.12,46.38,21.77,29.63,63.04,29.00,39.73,65.22,44.78,53.10,64.53,32.27,43.02
BERT-Small,92,82.54,51.74,63.61,63.24,25.15,35.98,45.10,18.25,25.99,42.19,18.37,25.59,57.14,28.00,37.58,61.36,40.30,48.65,62.69,31.03,41.52
BERT-Small,94,80.92,52.74,63.86,58.11,25.15,35.10,45.10,18.25,25.99,38.89,19.05,25.57,63.83,30.00,40.82,67.44,43.28,52.73,61.96,31.90,42.11
BERT-Small,96,80.45,53.23,64.07,58.33,24.56,34.57,42.59,18.25,25.56,36.99,18.37,24.55,67.24,39.00,49.37,63.83,44.78,52.63,61.33,33.00,42.91
BERT-Small,66,84.13,52.74,64.83,56.79,26.90,36.51,41.38,19.05,26.09,30.34,18.37,22.88,48.84,21.00,29.37,73.53,37.31,49.50,57.77,30.67,40.06
BERT-Small,13,83.33,34.83,49.12,50.00,16.37,24.67,26.92,11.11,15.73,20.31,8.84,12.32,14.81,4.00,6.30,50.00,4.48,8.22,45.67,16.26,23.98
BERT-Small,64,87.72,49.75,63.49,63.24,25.15,35.98,38.71,19.05,25.53,28.17,13.61,18.35,62.79,27.00,37.76,78.57,34.33,47.78,61.14,29.19,39.51
BERT-Small,11,89.00,44.28,59.14,54.88,26.32,35.57,12.99,7.94,9.85,14.94,8.84,11.11,41.67,5.00,8.93,0.00,0.00,0.00,45.25,19.95,27.69
BERT-Small,88,81.54,52.74,64.05,62.32,25.15,35.83,48.08,19.84,28.09,39.68,17.01,23.81,65.91,29.00,40.28,68.89,46.27,55.36,64.27,31.90,42.63
BERT-Small,62,84.92,53.23,65.44,56.47,28.07,37.50,44.23,18.25,25.84,37.50,18.37,24.66,58.49,31.00,40.52,64.29,40.30,49.54,61.16,32.39,42.35
BERT-Small,17,88.17,40.80,55.78,56.72,22.22,31.93,29.33,17.46,21.89,16.87,9.52,12.17,22.86,8.00,11.85,33.33,1.49,2.86,46.35,20.32,28.25
BERT-Small,60,84.09,55.22,66.67,56.52,30.41,39.54,36.76,19.84,25.77,39.44,19.05,25.69,50.94,27.00,35.29,54.29,29.85,38.52,58.09,32.39,41.59
BERT-Small,15,80.91,44.28,57.23,60.32,22.22,32.48,19.64,8.73,12.09,39.22,13.61,20.20,51.22,21.00,29.79,100.00,1.49,2.94,55.90,22.17,31.75
BERT-Small,86,80.29,54.73,65.09,60.26,27.49,37.75,45.76,21.43,29.19,43.08,19.05,26.42,61.70,29.00,39.46,59.57,41.79,49.12,62.12,33.13,43.21
BERT-Small,19,89.80,43.78,58.86,61.04,27.49,37.90,23.08,16.67,19.35,19.27,14.29,16.41,8.33,1.00,1.79,100.00,1.49,2.94,46.13,22.04,29.83
BERT-Small,84,80.45,53.23,64.07,59.76,28.65,38.74,42.86,21.43,28.57,42.86,20.41,27.65,63.04,29.00,39.73,64.44,43.28,51.79,61.73,33.37,43.33
BERT-Small,82,80.60,53.73,64.48,57.14,28.07,37.65,43.33,20.63,27.96,39.71,18.37,25.12,63.46,33.00,43.42,73.68,41.79,53.33,61.93,33.25,43.27
BERT-Small,68,82.09,54.73,65.67,55.17,28.07,37.21,37.68,20.63,26.67,26.58,14.29,18.58,48.89,22.00,30.34,63.64,41.79,50.45,55.68,31.40,40.16
BERT-Small,80,81.48,54.73,65.48,51.19,25.15,33.73,45.10,18.25,25.99,37.14,17.69,23.96,64.58,31.00,41.89,65.96,46.27,54.39,60.69,32.51,42.34
BERT-Small,5,100.00,6.97,13.02,58.33,4.09,7.65,7.69,0.79,1.44,7.69,0.68,1.25,0.00,0.00,0.00,0.00,0.00,0.00,43.40,2.83,5.32
BERT-Small,29,89.09,48.76,63.02,52.94,26.32,35.16,24.36,15.08,18.63,22.62,12.93,16.45,28.12,9.00,13.64,73.68,20.90,32.56,50.00,25.12,33.44
BERT-Small,7,95.00,18.91,31.54,37.84,8.19,13.46,21.05,6.35,9.76,14.81,2.72,4.60,71.43,5.00,9.35,0.00,0.00,0.00,46.31,8.50,14.36
BERT-Small,1,0.00,0.00,0.00,0.00,0.00,0.00,0.00,0.00,0.00,0.00,0.00,0.00,0.00,0.00,0.00,0.00,0.00,0.00,0.00,0.00,0.00
BERT-Small,58,82.27,57.71,67.84,61.33,26.90,37.40,38.55,25.40,30.62,29.55,17.69,22.13,50.91,28.00,36.13,77.78,31.34,44.68,57.36,33.13,42.00
BERT-Small,3,100.00,5.97,11.27,16.67,1.17,2.19,7.69,0.79,1.44,33.33,1.36,2.61,0.00,0.00,0.00,0.00,0.00,0.00,39.53,2.09,3.98
BERT-Small,54,82.54,51.74,63.61,52.87,26.90,35.66,42.62,20.63,27.81,36.59,19.73,25.63,38.10,24.00,29.45,60.61,29.85,40.00,55.31,30.67,39.46
BERT-Small,21,91.51,48.26,63.19,66.10,22.81,33.91,38.98,18.25,24.86,30.95,17.69,22.51,37.14,13.00,19.26,81.82,14.93,25.25,58.47,25.62,35.63
BERT-Small,56,82.44,53.73,65.06,53.01,25.73,34.65,40.26,24.60,30.54,26.97,16.33,20.34,49.06,26.00,33.99,56.00,20.90,30.43,53.93,30.42,38.90
BERT-Small,23,92.31,35.82,51.61,60.42,16.96,26.48,27.78,11.90,16.67,18.75,8.16,11.37,47.83,11.00,17.89,66.67,2.99,5.71,52.22,17.36,26.06
BERT-Small,50,82.58,54.23,65.47,56.82,29.24,38.61,44.62,23.02,30.37,28.09,17.01,21.19,50.00,25.00,33.33,72.73,35.82,48.00,57.33,32.27,41.29
BERT-Small,25,86.78,52.24,65.22,54.22,26.32,35.43,33.78,19.84,25.00,21.25,12.24,15.54,19.23,5.00,7.94,83.33,7.46,13.70,51.79,25.00,33.72
BERT-Small,9,92.75,31.84,47.41,52.54,18.13,26.96,21.21,11.11,14.58,16.98,6.12,9.00,0.00,0.00,0.00,0.00,0.00,0.00,47.01,14.53,22.20
BERT-Small,52,84.92,53.23,65.44,53.57,26.32,35.29,39.74,24.60,30.39,28.57,14.97,19.64,55.26,21.00,30.43,70.00,31.34,43.30,57.04,30.42,39.68
BERT-Small,27,88.89,51.74,65.41,48.89,25.73,33.72,33.85,17.46,23.04,30.23,17.69,22.32,48.65,18.00,26.28,100.00,7.46,13.89,54.75,26.97,36.14
BERT-Small,48,83.20,51.74,63.80,51.76,25.73,34.38,33.33,24.60,28.31,34.33,15.65,21.50,62.50,30.00,40.54,64.71,32.84,43.56,56.19,31.28,40.19
BERT-Small,39,84.92,53.23,65.44,55.42,26.90,36.22,38.27,24.60,29.95,24.55,18.37,21.01,26.67,8.00,12.31,64.29,26.87,37.89,51.75,29.19,37.32
BERT-Small,37,83.46,55.22,66.47,53.85,28.65,37.40,37.97,23.81,29.27,28.41,17.01,21.28,40.54,15.00,21.90,65.00,19.40,29.89,54.24,29.93,38.57
BERT-Small,42,83.47,50.25,62.73,52.56,23.98,32.93,29.87,18.25,22.66,29.76,17.01,21.65,60.00,24.00,34.29,52.63,29.85,38.10,53.42,28.82,37.44
BERT-Small,35,88.29,48.76,62.82,58.11,25.15,35.10,32.91,20.63,25.37,23.86,14.29,17.87,50.00,19.00,27.54,87.50,10.45,18.67,53.77,26.35,35.37
BERT-Small,40,85.71,56.72,68.26,61.73,29.24,39.68,42.42,22.22,29.17,23.66,14.97,18.33,48.57,17.00,25.19,76.00,28.36,41.30,57.74,30.79,40.16
BERT-Small,33,84.68,46.77,60.26,50.60,24.56,33.07,34.62,21.43,26.47,26.67,19.05,22.22,29.17,14.00,18.92,58.82,14.93,23.81,48.64,26.48,34.29
BERT-Small,46,81.95,54.23,65.27,51.69,26.90,35.38,33.33,20.63,25.49,22.35,12.93,16.38,46.15,18.00,25.90,47.37,13.43,20.93,51.24,27.96,36.18
BERT-Small,31,80.95,50.75,62.39,52.73,16.96,25.66,33.82,18.25,23.71,29.76,17.01,21.65,53.19,25.00,34.01,66.67,17.91,28.24,54.27,26.60,35.70
BERT-Small,44,81.88,56.22,66.67,59.72,25.15,35.39,46.15,23.81,31.41,37.35,21.09,26.96,52.63,30.00,38.22,66.67,44.78,53.57,60.22,34.11,43.55
BERT-Mini,13,93.67,36.82,52.86,38.46,17.54,24.10,16.00,9.52,11.94,8.20,3.40,4.81,25.00,2.00,3.70,0.00,0.00,0.00,40.86,15.15,22.10
BERT-Mini,66,84.50,54.23,66.06,53.93,28.07,36.92,33.33,22.22,26.67,21.05,10.88,14.35,39.06,25.00,30.49,54.55,17.91,26.97,51.29,29.31,37.30
BERT-Mini,11,90.91,24.88,39.06,43.75,12.28,19.18,21.43,9.52,13.19,10.64,3.40,5.15,42.86,9.00,14.88,0.00,0.00,0.00,41.99,11.95,18.60
BERT-Mini,64,84.43,51.24,63.78,55.95,27.49,36.86,38.03,21.43,27.41,31.58,16.33,21.52,35.09,20.00,25.48,68.00,25.37,36.96,54.71,29.31,38.17
BERT-Mini,88,85.48,52.74,65.23,53.66,25.73,34.78,34.15,22.22,26.92,28.77,14.29,19.09,45.28,24.00,31.37,61.76,31.34,41.58,54.46,30.05,38.73
BERT-Mini,17,84.11,44.78,58.44,46.84,21.64,29.60,24.29,13.49,17.35,15.58,8.16,10.71,28.57,8.00,12.50,100.00,2.99,5.80,45.73,20.44,28.26
BERT-Mini,62,87.61,49.25,63.06,60.53,26.90,37.25,30.99,17.46,22.34,22.92,14.97,18.11,23.08,9.00,12.95,81.25,19.40,31.33,51.34,25.99,34.51
BERT-Mini,15,91.95,39.80,55.56,40.24,19.30,26.09,20.00,12.70,15.53,12.50,6.80,8.81,20.00,7.00,10.37,40.00,2.99,5.56,40.11,18.23,25.06
BERT-Mini,60,78.91,50.25,61.40,59.77,30.41,40.31,32.89,19.84,24.75,29.33,14.97,19.82,37.21,16.00,22.38,62.50,22.39,32.97,53.35,28.45,37.11
BERT-Mini,86,84.38,53.73,65.65,50.57,25.73,34.11,34.18,21.43,26.34,30.99,14.97,20.18,48.48,32.00,38.55,56.82,37.31,45.05,54.32,31.77,40.09
BERT-Mini,19,81.90,47.26,59.94,48.65,21.05,29.39,26.32,11.90,16.39,28.12,12.93,17.71,40.00,14.00,20.74,60.00,4.48,8.33,51.57,22.41,31.25
BERT-Mini,84,85.37,52.24,64.81,50.57,25.73,34.11,36.84,22.22,27.72,37.31,17.01,23.36,44.44,28.00,34.36,60.00,31.34,41.18,55.65,30.91,39.75
BERT-Mini,82,83.33,54.73,66.07,52.94,26.32,35.16,36.14,23.81,28.71,28.95,14.97,19.73,42.19,27.00,32.93,51.52,25.37,34.00,53.07,30.91,39.07
BERT-Mini,68,86.99,53.23,66.05,59.52,29.24,39.22,35.90,22.22,27.45,24.36,12.93,16.89,50.00,25.00,33.33,68.00,25.37,36.96,56.16,30.30,39.36
BERT-Mini,80,86.32,50.25,63.52,51.85,24.56,33.33,40.91,21.43,28.12,27.69,12.24,16.98,43.94,29.00,34.94,55.56,29.85,38.83,54.99,29.19,38.13
BERT-Mini,3,0.00,0.00,0.00,0.00,0.00,0.00,0.00,0.00,0.00,0.00,0.00,0.00,0.00,0.00,0.00,0.00,0.00,0.00,0.00,0.00,0.00
BERT-Mini,70,83.21,56.72,67.46,53.76,29.24,37.88,37.93,26.19,30.99,29.33,14.97,19.82,49.06,26.00,33.99,56.41,32.84,41.51,55.17,32.88,41.20
BERT-Mini,1,0.00,0.00,0.00,0.00,0.00,0.00,0.00,0.00,0.00,0.00,0.00,0.00,0.00,0.00,0.00,0.00,0.00,0.00,0.00,0.00,0.00
BERT-Mini,72,85.71,50.75,63.75,53.66,25.73,34.78,42.47,24.60,31.16,29.51,12.24,17.31,46.43,26.00,33.33,65.79,37.31,47.62,57.34,30.30,39.65
BERT-Mini,98,85.71,50.75,63.75,53.42,22.81,31.97,40.30,21.43,27.98,29.85,13.61,18.69,54.24,32.00,40.25,59.38,28.36,38.38,57.31,29.43,38.89
BERT-Mini,74,84.80,52.74,65.03,52.33,26.32,35.02,36.25,23.02,28.16,24.42,14.29,18.03,38.46,20.00,26.32,73.91,25.37,37.78,52.65,29.31,37.66
BERT-Mini,7,96.00,11.94,21.24,38.46,5.85,10.15,23.81,3.97,6.80,17.65,2.04,3.66,17.65,3.00,5.13,0.00,0.00,0.00,39.13,5.54,9.71
BERT-Mini,76,84.62,49.25,62.26,55.13,25.15,34.54,33.33,20.63,25.49,29.85,13.61,18.69,45.45,25.00,32.26,52.78,28.36,36.89,53.83,28.57,37.33
BERT-Mini,5,90.00,13.43,23.38,37.93,6.43,11.00,6.90,1.59,2.58,22.22,2.72,4.85,14.29,1.00,1.87,100.00,1.49,2.94,40.35,5.67,9.94
BERT-Mini,9,92.31,35.82,51.61,34.72,14.62,20.58,13.24,7.14,9.28,16.67,6.12,8.96,25.00,3.00,5.36,0.00,0.00,0.00,41.40,14.53,21.51
BERT-Mini,90,88.50,49.75,63.69,55.88,22.22,31.80,46.97,24.60,32.29,36.67,14.97,21.26,49.15,29.00,36.48,58.06,26.87,36.73,59.95,29.31,39.37
BERT-Mini,78,84.68,52.24,64.62,55.00,25.73,35.06,35.14,20.63,26.00,30.16,12.93,18.10,55.17,32.00,40.51,70.97,32.84,44.90,57.67,30.54,39.94
BERT-Mini,92,88.03,51.24,64.78,54.79,23.39,32.79,36.11,20.63,26.26,27.27,12.24,16.90,54.72,29.00,37.91,65.71,34.33,45.10,57.45,29.43,38.93
BERT-Mini,94,85.04,53.73,65.85,55.70,25.73,35.20,39.71,21.43,27.84,24.68,12.93,16.96,55.17,32.00,40.51,64.52,29.85,40.82,56.82,30.79,39.94
BERT-Mini,96,86.67,51.74,64.80,50.67,22.22,30.89,40.58,22.22,28.72,26.67,13.61,18.02,51.72,30.00,37.97,59.38,28.36,38.38,55.71,29.43,38.52
BERT-Mini,48,85.12,51.24,63.98,52.22,27.49,36.02,24.39,15.87,19.23,15.79,10.20,12.40,29.63,16.00,20.78,75.00,13.43,22.78,46.26,25.86,33.18
BERT-Mini,39,87.39,48.26,62.18,57.75,23.98,33.88,34.67,20.63,25.87,17.72,10.20,12.95,30.00,6.00,10.00,100.00,4.48,8.57,52.09,23.15,32.06
BERT-Mini,42,83.12,63.68,72.11,45.63,27.49,34.31,31.78,26.98,29.18,19.57,12.24,15.06,25.53,12.00,16.33,80.00,11.94,20.78,48.15,30.42,37.28
BERT-Mini,37,86.73,48.76,62.42,54.12,26.90,35.94,37.80,24.60,29.81,19.57,12.24,15.06,39.22,20.00,26.49,50.00,19.40,27.96,50.33,27.83,35.84
BERT-Mini,40,79.59,58.21,67.24,47.25,25.15,32.82,28.57,23.81,25.97,14.91,12.24,13.45,24.44,11.00,15.17,100.00,1.49,2.94,43.54,27.09,33.40
BERT-Mini,35,94.03,31.34,47.01,68.75,19.30,30.14,28.57,11.11,16.00,15.71,7.48,10.14,32.00,8.00,12.80,57.14,11.94,19.75,50.18,16.87,25.25
BERT-Mini,46,83.19,49.25,61.88,57.47,29.24,38.76,30.12,19.84,23.92,25.00,11.56,15.81,38.60,22.00,28.03,75.00,22.39,34.48,52.53,28.08,36.60
BERT-Mini,33,87.96,47.26,61.49,46.67,24.56,32.18,24.75,19.84,22.03,13.19,8.16,10.08,11.76,2.00,3.42,0.00,0.00,0.00,43.24,21.67,28.88
BERT-Mini,44,87.39,51.74,65.00,55.17,28.07,37.21,31.25,19.84,24.27,21.05,13.61,16.53,30.00,18.00,22.50,52.63,14.93,23.26,48.91,27.71,35.38
BERT-Mini,31,86.21,62.19,72.25,53.85,28.65,37.40,25.45,22.22,23.73,18.49,15.65,16.95,25.93,7.00,11.02,100.00,8.96,16.44,47.59,29.31,36.28
BERT-Mini,29,87.74,46.27,60.59,38.82,19.30,25.78,25.68,15.08,19.00,17.50,9.52,12.33,34.48,10.00,15.50,87.50,10.45,18.67,46.07,21.67,29.48
BERT-Mini,58,86.07,52.24,65.02,56.63,27.49,37.01,44.44,25.40,32.32,29.27,16.33,20.96,54.84,34.00,41.98,58.82,29.85,39.60,57.58,32.27,41.36
BERT-Mini,21,89.47,42.29,57.43,44.58,21.64,29.13,31.25,19.84,24.27,18.29,10.20,13.10,26.67,8.00,12.31,40.00,2.99,5.56,45.87,21.18,28.98
BERT-Mini,54,83.33,44.78,58.25,52.11,21.64,30.58,27.27,16.67,20.69,23.21,8.84,12.81,36.54,19.00,25.00,70.00,20.90,32.18,50.52,23.89,32.44
BERT-Mini,23,88.07,47.76,61.94,57.69,26.32,36.14,32.91,20.63,25.37,18.68,11.56,14.29,20.83,5.00,8.06,100.00,4.48,8.57,50.00,23.65,32.11
BERT-Mini,56,75.54,52.24,61.76,51.11,26.90,35.25,27.37,20.63,23.53,18.95,12.24,14.88,27.50,11.00,15.71,54.55,8.96,15.38,45.11,26.11,33.07
BERT-Mini,25,85.27,54.73,66.67,42.86,22.81,29.77,21.98,15.87,18.43,11.58,7.48,9.09,15.00,3.00,5.00,83.33,7.46,13.70,43.52,23.15,30.23
BERT-Mini,50,85.00,50.75,63.55,59.74,26.90,37.10,37.08,26.19,30.70,18.45,12.93,15.20,33.33,16.00,21.62,73.68,20.90,32.56,50.44,28.33,36.28
BERT-Mini,27,88.51,38.31,53.47,45.71,18.71,26.56,23.68,14.29,17.82,11.39,6.80,8.52,31.03,9.00,13.95,100.00,4.48,8.57,43.02,18.35,25.73
BERT-Mini,52,85.59,47.26,60.90,51.81,25.15,33.86,34.18,21.43,26.34,22.78,12.24,15.93,48.28,28.00,35.44,68.42,19.40,30.23,52.21,27.59,36.10
BERT-Mini,38,86.61,54.73,67.07,55.29,27.49,36.72,29.17,22.22,25.23,19.77,11.56,14.59,39.53,17.00,23.78,66.67,20.90,31.82,50.87,28.69,36.69
BERT-Mini,49,86.72,55.22,67.48,55.43,29.82,38.78,38.10,25.40,30.48,20.39,14.29,16.80,32.65,16.00,21.48,71.43,7.46,13.51,50.97,29.06,37.02
BERT-Mini,32,87.41,58.71,70.24,44.35,29.82,35.66,27.72,22.22,24.67,18.58,14.97,16.58,19.23,5.00,7.94,75.00,8.96,16.00,45.98,28.33,35.06
BERT-Mini,47,83.61,50.75,63.16,62.20,29.82,40.32,35.62,20.63,26.13,16.67,10.88,13.17,27.78,10.00,14.71,66.67,17.91,28.24,50.82,26.72,35.03
BERT-Mini,30,86.21,49.75,63.09,52.50,24.56,33.47,36.11,20.63,26.26,21.74,14.29,17.24,29.03,9.00,13.74,100.00,5.97,11.27,50.89,24.88,33.42
BERT-Mini,45,81.20,53.73,64.67,55.42,26.90,36.22,29.47,22.22,25.34,20.95,14.97,17.46,26.53,13.00,17.45,64.71,16.42,26.19,47.30,28.08,35.24
BERT-Mini,36,85.47,49.75,62.89,50.00,27.49,35.47,27.27,21.43,24.00,21.11,12.93,16.03,21.95,9.00,12.77,63.64,10.45,17.95,46.24,25.74,33.07
BERT-Mini,43,83.94,57.21,68.05,49.45,26.32,34.35,33.01,26.98,29.69,21.62,16.33,18.60,28.30,15.00,19.61,83.33,7.46,13.70,47.50,29.31,36.25
BERT-Mini,34,90.10,45.27,60.26,61.43,25.15,35.68,35.14,20.63,26.00,19.57,12.24,15.06,22.50,9.00,12.86,62.50,7.46,13.33,49.87,23.65,32.08
BERT-Mini,41,85.05,45.27,59.09,54.05,23.39,32.65,27.50,17.46,21.36,17.44,10.20,12.88,28.57,14.00,18.79,50.00,2.99,5.63,46.00,22.66,30.36
BERT-Mini,59,83.90,49.25,62.07,62.50,29.24,39.84,38.46,23.81,29.41,23.26,13.61,17.17,45.00,18.00,25.71,88.89,11.94,21.05,54.74,27.71,36.79
BERT-Mini,28,85.22,48.76,62.03,50.00,26.32,34.48,31.40,21.43,25.47,25.00,14.97,18.72,28.30,15.00,19.61,46.15,8.96,15.00,47.87,26.23,33.89
BERT-Mini,51,84.21,55.72,67.07,55.42,26.90,36.22,30.34,21.43,25.12,18.28,11.56,14.17,44.19,19.00,26.57,78.95,22.39,34.88,51.30,29.06,37.11
BERT-Mini,24,87.27,47.76,61.74,50.65,22.81,31.45,24.71,16.67,19.91,16.13,10.20,12.50,33.33,6.00,10.17,100.00,2.99,5.80,46.49,22.04,29.91
BERT-Mini,53,84.03,49.75,62.50,57.14,28.07,37.65,43.08,22.22,29.32,22.09,12.93,16.31,38.78,19.00,25.50,78.57,16.42,27.16,53.96,27.71,36.62
BERT-Mini,26,85.71,53.73,66.06,48.94,26.90,34.72,24.51,19.84,21.93,14.63,11.56,12.92,18.37,9.00,12.08,71.43,8.96,15.92,42.12,25.99,32.14
BERT-Mini,55,81.88,56.22,66.67,58.89,30.99,40.61,31.46,22.22,26.05,16.16,10.88,13.01,31.25,10.00,15.15,75.00,4.48,8.45,49.34,27.46,35.28
BERT-Mini,20,96.88,30.85,46.79,63.46,19.30,29.60,27.45,11.11,15.82,20.75,7.48,11.00,37.50,3.00,5.56,100.00,1.49,2.94,54.15,15.27,23.82
BERT-Mini,57,84.38,53.73,65.65,52.17,28.07,36.50,36.59,23.81,28.85,25.53,16.33,19.92,43.75,21.00,28.38,58.62,25.37,35.42,52.43,30.54,38.60
BERT-Mini,22,88.18,48.26,62.38,45.56,23.98,31.42,22.11,16.67,19.00,14.89,9.52,11.62,30.00,6.00,10.00,0.00,0.00,0.00,43.45,22.04,29.25
BERT-Mini,63,86.09,49.25,62.66,58.97,26.90,36.95,26.37,19.05,22.12,20.55,10.20,13.64,34.88,15.00,20.98,61.54,11.94,20.00,50.12,25.49,33.80
BERT-Mini,16,89.87,35.32,50.71,43.94,16.96,24.47,23.29,13.49,17.09,17.65,8.84,11.78,27.50,11.00,15.71,40.00,5.97,10.39,42.86,17.86,25.21
BERT-Mini,89,82.17,52.74,64.24,51.25,23.98,32.67,33.77,20.63,25.62,31.43,14.97,20.28,44.26,27.00,33.54,65.71,34.33,45.10,54.20,30.17,38.77
BERT-Mini,61,87.70,53.23,66.25,58.14,29.24,38.91,37.35,24.60,29.67,23.08,14.29,17.65,30.91,17.00,21.94,51.52,25.37,34.00,51.70,29.93,37.91
BERT-Mini,14,92.11,34.83,50.54,39.73,16.37,23.19,15.58,9.52,11.82,14.55,5.44,7.92,21.43,3.00,5.26,0.00,0.00,0.00,40.67,14.90,21.81
BERT-Mini,67,85.04,53.73,65.85,57.14,30.41,39.69,38.55,25.40,30.62,30.67,15.65,20.72,42.86,24.00,30.77,68.00,25.37,36.96,56.02,31.53,40.35
BERT-Mini,12,93.67,36.82,52.86,62.07,21.05,31.44,22.95,11.11,14.97,14.52,6.12,8.61,33.33,5.00,8.70,0.00,0.00,0.00,50.18,17.00,25.39
BERT-Mini,65,86.67,51.74,64.80,63.41,30.41,41.11,36.99,21.43,27.14,23.61,11.56,15.53,42.62,26.00,32.30,61.54,23.88,34.41,55.76,29.80,38.84
BERT-Mini,10,93.62,43.78,59.66,48.15,22.81,30.95,14.63,9.52,11.54,18.33,8.16,11.30,8.33,1.00,1.79,0.00,0.00,0.00,45.76,18.72,26.57
BERT-Mini,69,82.81,52.74,64.44,54.74,30.41,39.10,41.10,23.81,30.15,29.17,14.29,19.18,44.26,27.00,33.54,56.10,34.33,42.59,55.11,31.90,40.41
BERT-Mini,83,87.80,53.73,66.67,54.55,24.56,33.87,44.12,23.81,30.93,22.67,11.56,15.32,44.44,28.00,34.36,52.50,31.34,39.25,55.16,30.30,39.11
BERT-Mini,81,87.04,46.77,60.84,59.15,24.56,34.71,41.38,19.05,26.09,30.19,10.88,16.00,44.26,27.00,33.54,56.25,26.87,36.36,57.70,27.22,36.99
BERT-Mini,18,98.00,24.38,39.04,68.29,16.37,26.42,33.33,11.11,16.67,15.69,5.44,8.08,23.08,3.00,5.31,100.00,1.49,2.94,52.02,12.68,20.40
BERT-Mini,87,88.03,51.24,64.78,57.14,23.39,33.20,37.68,20.63,26.67,28.77,14.29,19.09,46.15,24.00,31.58,67.86,28.36,40.00,56.97,28.69,38.17
BERT-Mini,85,87.50,52.24,65.42,56.76,24.56,34.29,37.33,22.22,27.86,34.43,14.29,20.19,47.46,28.00,35.22,57.50,34.33,42.99,57.58,30.42,39.81
BERT-Mini,6,92.59,12.44,21.93,45.83,6.43,11.28,12.00,2.38,3.97,14.29,2.04,3.57,28.57,2.00,3.74,0.00,0.00,0.00,42.31,5.42,9.61
BERT-Mini,75,81.20,53.73,64.67,52.69,28.65,37.12,36.71,23.02,28.29,29.33,14.97,19.82,44.07,26.00,32.70,58.06,26.87,36.73,53.62,31.03,39.31
BERT-Mini,4,100.00,2.99,5.80,50.00,1.75,3.39,16.67,0.79,1.52,20.00,0.68,1.32,33.33,1.00,1.94,0.00,0.00,0.00,42.86,1.48,2.86
BERT-Mini,77,84.00,52.24,64.42,57.32,27.49,37.15,37.50,21.43,27.27,28.95,14.97,19.73,47.37,27.00,34.39,70.37,28.36,40.43,56.26,30.42,39.49
BERT-Mini,71,82.79,50.25,62.54,51.76,25.73,34.38,40.62,20.63,27.37,24.18,14.97,18.49,38.00,19.00,25.33,88.24,22.39,35.71,52.91,27.96,36.58
BERT-Mini,2,0.00,0.00,0.00,0.00,0.00,0.00,0.00,0.00,0.00,0.00,0.00,0.00,0.00,0.00,0.00,0.00,0.00,0.00,0.00,0.00,0.00
BERT-Mini,99,86.44,50.75,63.95,54.17,22.81,32.10,40.30,21.43,27.98,30.77,13.61,18.87,50.85,30.00,37.74,59.38,28.36,38.38,57.38,29.19,38.69
BERT-Mini,73,84.13,52.74,64.83,50.00,26.90,34.98,33.33,22.22,26.67,18.84,8.84,12.04,40.00,26.00,31.52,70.00,31.34,43.30,51.50,29.56,37.56
BERT-Mini,0,0.00,0.00,0.00,0.00,0.00,0.00,0.00,0.00,0.00,0.00,0.00,0.00,0.00,0.00,0.00,0.00,0.00,0.00,0.00,0.00,0.00
BERT-Mini,95,87.39,51.74,65.00,56.34,23.39,33.06,42.86,21.43,28.57,27.14,12.93,17.51,55.93,33.00,41.51,62.50,29.85,40.40,58.70,29.93,39.64
BERT-Mini,97,85.83,51.24,64.17,52.00,22.81,31.71,40.91,21.43,28.12,28.99,13.61,18.52,52.63,30.00,38.22,63.33,28.36,39.18,57.07,29.31,38.73
BERT-Mini,91,86.78,52.24,65.22,54.05,23.39,32.65,35.06,21.43,26.60,29.41,13.61,18.60,50.00,29.00,36.71,65.62,31.34,42.42,56.28,29.80,38.97
BERT-Mini,8,96.97,31.84,47.94,45.16,16.37,24.03,20.34,9.52,12.97,9.62,3.40,5.03,13.33,2.00,3.48,0.00,0.00,0.00,43.36,13.67,20.79
BERT-Mini,93,88.79,51.24,64.98,52.11,21.64,30.58,46.77,23.02,30.85,28.36,12.93,17.76,50.85,30.00,37.74,62.16,34.33,44.23,58.50,29.68,39.38
BERT-Mini,79,84.13,52.74,64.83,49.40,23.98,32.28,34.62,21.43,26.47,26.92,14.29,18.67,41.67,25.00,31.25,55.26,31.34,40.00,52.05,29.68,37.80
BERT-Medium,37,84.87,50.25,63.12,44.94,23.39,30.77,30.34,21.43,25.12,28.43,19.05,22.81,34.62,18.00,23.68,68.42,19.40,30.23,48.51,27.96,35.47
BERT-Medium,42,82.61,47.26,60.13,50.00,20.47,29.05,47.92,18.25,26.44,39.36,25.17,30.71,57.41,31.00,40.26,66.67,38.81,49.06,58.81,30.42,40.10
BERT-Medium,35,85.96,48.76,62.22,51.76,25.15,33.85,34.44,24.60,28.70,27.18,19.73,22.86,31.58,12.00,17.39,38.89,10.45,16.47,49.11,27.09,34.92
BERT-Medium,40,83.33,49.75,62.31,61.43,25.15,35.68,44.83,20.63,28.26,35.80,19.73,25.44,57.50,23.00,32.86,65.38,25.37,36.56,60.25,29.31,39.44
BERT-Medium,9,95.06,38.31,54.61,45.00,15.79,23.38,21.69,14.29,17.22,20.99,11.56,14.91,19.15,9.00,12.24,15.79,4.48,6.98,40.70,18.60,25.53
BERT-Medium,33,89.43,54.73,67.90,56.84,31.58,40.60,41.25,26.19,32.04,35.14,17.69,23.53,33.33,13.00,18.71,75.00,13.43,22.78,57.92,30.17,39.68
BERT-Medium,46,85.95,51.74,64.60,56.52,22.81,32.50,51.72,23.81,32.61,40.58,19.05,25.93,70.00,28.00,40.00,67.50,40.30,50.47,64.48,31.53,42.35
BERT-Medium,31,83.19,46.77,59.87,47.19,24.56,32.31,52.83,22.22,31.28,28.57,19.05,22.86,20.00,7.00,10.37,60.00,4.48,8.33,51.40,24.88,33.53
BERT-Medium,44,91.80,55.72,69.35,53.61,30.41,38.81,38.54,29.37,33.33,28.07,20.41,23.63,32.84,22.00,26.35,44.00,16.42,23.91,51.06,32.51,39.73
BERT-Medium,48,82.44,53.73,65.06,54.88,26.32,35.57,49.28,26.98,34.87,38.46,24.49,29.93,54.72,29.00,37.91,70.37,28.36,40.43,59.60,33.37,42.79
BERT-Medium,1,0.00,0.00,0.00,0.00,0.00,0.00,0.00,0.00,0.00,0.00,0.00,0.00,0.00,0.00,0.00,0.00,0.00,0.00,0.00,0.00,0.00
BERT-Medium,3,92.50,18.41,30.71,36.36,9.36,14.88,13.33,4.76,7.02,13.89,3.40,5.46,53.33,8.00,13.91,0.00,0.00,0.00,38.92,8.87,14.44
BERT-Medium,5,89.58,21.39,34.54,31.11,8.19,12.96,18.60,6.35,9.47,14.81,2.72,4.60,0.00,0.00,0.00,25.00,1.49,2.82,39.77,8.62,14.17
BERT-Medium,39,85.05,45.27,59.09,47.78,25.15,32.95,43.33,20.63,27.96,27.78,19.73,23.07,33.33,18.00,23.38,63.64,10.45,17.95,50.00,26.35,34.52
BERT-Medium,7,93.62,21.89,35.48,50.00,12.87,20.47,30.00,11.90,17.05,20.37,7.48,10.95,9.68,3.00,4.58,12.50,1.49,2.67,41.03,11.82,18.36
BERT-Medium,54,89.92,57.71,70.30,54.95,29.24,38.17,44.29,24.60,31.63,28.12,24.49,26.18,29.27,12.00,17.02,75.00,4.48,8.45,53.56,30.54,38.90
BERT-Medium,21,97.33,36.32,52.90,43.94,16.96,24.47,41.86,14.29,21.30,7.35,3.40,4.65,36.36,16.00,22.22,40.00,2.99,5.56,47.51,17.61,25.70
BERT-Medium,56,86.05,55.22,67.27,59.78,32.16,41.83,56.67,26.98,36.56,36.90,21.77,27.38,65.00,39.00,48.75,64.29,26.87,37.89,63.58,35.59,45.63
BERT-Medium,23,90.18,50.25,64.54,52.75,28.07,36.64,25.77,19.84,22.42,16.49,10.88,13.11,19.44,7.00,10.29,25.00,1.49,2.82,45.31,24.38,31.71
BERT-Medium,50,80.95,50.75,62.39,55.00,25.15,34.51,45.07,25.40,32.49,31.00,21.09,25.10,42.86,21.00,28.19,61.29,28.36,38.78,54.49,30.54,39.14
BERT-Medium,25,91.89,33.83,49.45,48.48,18.71,27.00,37.70,18.25,24.60,24.24,10.88,15.02,31.25,15.00,20.27,36.36,11.94,17.98,48.07,19.95,28.20
BERT-Medium,52,88.50,49.75,63.69,52.86,21.64,30.71,43.10,19.84,27.17,30.77,19.05,23.53,50.00,19.00,27.54,80.77,31.34,45.16,58.08,28.33,38.08
BERT-Medium,27,87.01,33.33,48.20,56.67,18.71,28.14,23.61,13.49,17.17,19.32,12.24,14.99,30.77,4.00,7.08,100.00,4.48,8.57,45.37,17.36,25.12
BERT-Medium,29,85.71,47.76,61.34,46.43,22.81,30.59,30.43,16.67,21.54,31.58,16.33,21.52,43.90,18.00,25.53,58.82,14.93,23.81,52.13,25.62,34.35
BERT-Medium,58,84.62,49.25,62.26,57.14,23.39,33.20,51.92,21.43,30.34,37.36,23.13,28.57,55.10,27.00,36.24,54.76,34.33,42.20,59.38,30.79,40.55
BERT-Medium,86,86.18,52.74,65.43,62.90,22.81,33.48,55.56,23.81,33.33,54.12,31.97,40.20,69.64,39.00,50.00,60.53,34.33,43.81,67.70,34.98,46.12
BERT-Medium,19,86.36,37.81,52.60,38.36,16.37,22.95,17.91,9.52,12.44,9.38,3.40,4.99,6.67,1.00,1.74,0.00,0.00,0.00,40.07,15.02,21.85
BERT-Medium,84,90.68,53.23,67.08,64.06,23.98,34.89,60.78,24.60,35.03,49.46,31.97,38.84,65.52,38.00,48.10,53.33,35.82,42.86,66.90,35.47,46.36
BERT-Medium,82,89.17,53.23,66.67,62.12,23.98,34.60,52.31,26.98,35.60,44.83,27.21,33.87,67.39,31.00,42.47,56.25,41.79,47.95,64.58,34.61,45.06
BERT-Medium,68,82.24,62.19,70.82,54.55,24.56,33.87,57.97,31.75,41.03,34.74,22.45,27.27,56.14,32.00,40.76,54.76,34.33,42.20,59.96,36.33,45.25
BERT-Medium,80,85.04,53.73,65.85,61.11,25.73,36.21,55.93,26.19,35.68,44.44,27.89,34.27,65.31,32.00,42.95,53.19,37.31,43.86,63.51,34.85,45.01
BERT-Medium,66,89.66,51.74,65.62,57.75,23.98,33.88,50.00,23.81,32.26,41.30,25.85,31.80,60.00,30.00,40.00,57.45,40.30,47.37,61.93,33.25,43.27
BERT-Medium,13,57.23,47.26,51.77,32.98,18.13,23.40,10.68,8.73,9.61,9.80,3.40,5.05,0.00,0.00,0.00,0.00,0.00,0.00,33.89,17.49,23.07
BERT-Medium,64,79.26,53.23,63.69,55.88,22.22,31.80,45.31,23.02,30.53,40.70,24.49,30.58,63.04,29.00,39.73,70.37,28.36,40.43,60.33,31.77,41.62
BERT-Medium,11,90.28,32.34,47.62,39.62,12.28,18.75,33.33,13.49,19.21,21.05,8.84,12.46,13.33,4.00,6.15,40.00,8.96,14.63,44.96,15.52,23.07
BERT-Medium,88,88.33,52.74,66.04,61.54,23.39,33.90,54.55,23.81,33.15,47.83,29.93,36.82,62.79,27.00,37.76,58.70,40.30,47.79,65.08,33.74,44.44
BERT-Medium,62,87.18,50.75,64.15,61.64,26.32,36.89,45.00,21.43,29.03,47.67,28.57,35.73,52.83,28.00,36.60,57.58,28.36,38.00,62.09,32.39,42.57
BERT-Medium,17,83.51,40.30,54.36,39.33,20.47,26.92,22.22,15.87,18.52,14.74,9.52,11.57,9.09,1.00,1.80,0.00,0.00,0.00,39.53,18.60,25.29
BERT-Medium,60,92.37,54.23,68.34,64.06,23.98,34.89,53.70,23.02,32.22,35.04,27.89,31.06,53.45,31.00,39.24,55.00,32.84,41.12,60.53,33.62,43.23
BERT-Medium,15,87.64,38.81,53.79,34.25,14.62,20.49,28.38,16.67,21.00,18.63,13.61,15.73,16.28,7.00,9.79,37.50,4.48,8.00,39.33,18.97,25.59
BERT-Medium,90,87.39,51.74,65.00,58.21,22.81,32.77,57.14,22.22,32.00,49.41,28.57,36.21,75.00,39.00,51.32,59.09,38.81,46.85,66.83,34.24,45.28
BERT-Medium,78,87.70,53.23,66.25,61.11,25.15,35.63,58.18,25.40,35.36,42.70,26.53,32.73,64.58,31.00,41.89,54.90,41.79,47.46,64.07,34.48,44.84
BERT-Medium,92,87.50,52.24,65.42,62.90,22.81,33.48,54.72,23.02,32.40,48.78,27.21,34.93,75.00,39.00,51.32,57.14,41.79,48.28,66.99,34.48,45.53
BERT-Medium,94,86.55,51.24,64.38,59.02,21.05,31.03,49.02,19.84,28.25,46.43,26.53,33.77,67.27,37.00,47.74,56.25,40.30,46.96,63.88,32.88,43.41
BERT-Medium,96,86.55,51.24,64.38,57.81,21.64,31.49,51.85,22.22,31.11,47.06,27.21,34.48,67.86,38.00,48.72,63.04,43.28,51.33,64.86,33.87,44.50
BERT-Medium,70,88.50,49.75,63.69,57.14,23.39,33.20,48.28,22.22,30.43,37.78,23.13,28.69,57.38,35.00,43.48,60.98,37.31,46.30,60.51,32.27,42.09
BERT-Medium,72,85.71,50.75,63.75,60.94,22.81,33.19,45.31,23.02,30.53,38.75,21.09,27.31,66.67,30.00,41.38,55.56,37.31,44.64,61.39,31.53,41.66
BERT-Medium,98,86.55,51.24,64.38,61.29,22.22,32.62,50.00,20.63,29.21,44.58,25.17,32.17,69.09,38.00,49.03,60.00,40.30,48.21,64.66,33.13,43.81
BERT-Medium,74,86.55,51.24,64.38,54.43,24.56,33.85,52.73,23.02,32.04,44.87,24.49,31.69,58.00,29.00,38.67,58.97,34.33,43.40,62.38,32.27,42.53
BERT-Medium,76,87.39,51.74,65.00,56.52,22.81,32.50,60.00,23.81,34.09,50.63,27.89,35.97,54.10,33.00,40.99,57.45,40.30,47.37,64.24,33.74,44.25
BERT-Medium,69,85.47,49.75,62.89,58.93,19.30,29.07,48.15,20.63,28.89,38.96,20.41,26.79,70.21,33.00,44.90,55.00,32.84,41.12,62.40,30.05,40.57
BERT-Medium,83,88.79,51.24,64.98,65.57,23.39,34.48,53.85,22.22,31.46,40.70,24.49,30.58,69.39,34.00,45.64,59.52,37.31,45.87,65.27,32.76,43.62
BERT-Medium,81,88.89,51.74,65.41,64.06,23.98,34.89,55.93,26.19,35.68,47.67,28.57,35.73,66.67,32.00,43.24,56.52,40.30,47.05,65.95,34.36,45.18
BERT-Medium,18,87.29,51.24,64.58,47.06,23.39,31.25,31.03,21.43,25.35,19.20,17.01,18.04,23.08,9.00,12.95,66.67,5.97,10.96,45.00,25.62,32.65
BERT-Medium,87,88.89,51.74,65.41,65.57,23.39,34.48,50.00,22.22,30.77,46.24,29.93,36.34,75.93,41.00,53.25,55.32,38.81,45.61,65.89,34.85,45.59
BERT-Medium,85,85.16,54.23,66.26,57.58,22.22,32.07,57.41,24.60,34.44,48.91,31.29,38.17,67.27,37.00,47.74,52.08,37.31,43.48,64.33,35.22,45.52
BERT-Medium,16,88.24,52.24,65.62,51.09,27.49,35.74,31.58,19.05,23.76,16.67,10.20,12.66,27.27,3.00,5.41,0.00,0.00,0.00,50.00,23.89,32.33
BERT-Medium,63,85.38,55.22,67.07,55.29,27.49,36.72,48.57,26.98,34.69,43.14,29.93,35.34,52.17,36.00,42.60,51.22,31.34,38.89,58.95,36.08,44.77
BERT-Medium,89,90.00,53.73,67.29,61.90,22.81,33.33,58.49,24.60,34.64,47.83,30.61,37.33,63.83,30.00,40.82,55.56,37.31,44.64,65.95,34.24,45.07
BERT-Medium,14,93.67,36.82,52.86,48.33,16.96,25.11,28.57,14.29,19.05,17.65,10.20,12.93,18.75,3.00,5.17,0.00,0.00,0.00,45.72,17.12,24.91
BERT-Medium,61,83.82,56.72,67.66,56.10,26.90,36.36,52.17,28.57,36.92,37.61,27.89,32.03,54.39,31.00,39.49,49.09,40.30,44.26,58.07,36.33,44.70
BERT-Medium,12,92.86,38.81,54.74,48.21,15.79,23.79,32.39,18.25,23.35,14.77,8.84,11.06,21.88,7.00,10.61,33.33,1.49,2.86,44.61,18.35,26.00
BERT-Medium,67,87.29,51.24,64.58,61.29,22.22,32.62,49.21,24.60,32.80,49.30,23.81,32.11,65.00,39.00,48.75,54.35,37.31,44.25,64.52,33.37,43.99
BERT-Medium,10,96.20,37.81,54.29,43.86,14.62,21.93,14.29,7.94,10.20,18.18,9.52,12.50,10.00,1.00,1.82,0.00,0.00,0.00,42.57,15.52,22.74
BERT-Medium,65,87.18,50.75,64.15,60.26,27.49,37.75,46.15,23.81,31.41,40.74,22.45,28.95,51.39,37.00,43.02,50.00,35.82,41.74,59.22,33.62,42.89
BERT-Medium,95,84.25,53.23,65.24,57.58,22.22,32.07,50.91,22.22,30.94,48.84,28.57,36.05,69.81,37.00,48.37,57.78,38.81,46.43,64.35,34.24,44.69
BERT-Medium,97,85.83,51.24,64.17,62.30,22.22,32.76,50.00,20.63,29.21,45.88,26.53,33.62,71.70,38.00,49.67,60.00,40.30,48.21,65.14,33.37,44.14
BERT-Medium,91,88.24,52.24,65.62,61.02,21.05,31.30,53.85,22.22,31.46,46.99,26.53,33.91,76.47,39.00,51.66,60.87,41.79,49.56,67.07,33.87,45.01
BERT-Medium,93,86.89,52.74,65.63,63.08,23.98,34.75,55.77,23.02,32.58,47.62,27.21,34.63,67.27,37.00,47.74,53.06,38.81,44.83,65.34,34.36,45.04
BERT-Medium,79,85.04,53.73,65.85,55.26,24.56,34.01,54.10,26.19,35.29,40.45,25.17,31.03,68.97,40.00,50.63,63.04,43.28,51.33,63.02,35.59,45.49
BERT-Medium,75,82.17,52.74,64.24,57.53,24.56,34.43,47.69,24.60,32.46,40.91,24.49,30.64,59.18,29.00,38.93,65.12,41.79,50.91,60.85,33.50,43.21
BERT-Medium,77,88.89,51.74,65.41,65.22,25.73,36.90,55.93,26.19,35.68,40.00,24.49,30.38,72.55,37.00,49.01,67.57,37.31,48.08,66.19,34.36,45.24
BERT-Medium,71,83.33,52.24,64.22,58.46,22.22,32.20,45.76,21.43,29.19,39.56,24.49,30.25,61.67,37.00,46.25,55.81,35.82,43.64,60.14,32.88,42.52
BERT-Medium,99,86.55,51.24,64.38,61.29,22.22,32.62,49.06,20.63,29.05,44.58,25.17,32.17,70.37,38.00,49.35,60.00,40.30,48.21,64.66,33.13,43.81
BERT-Medium,73,83.20,51.74,63.80,56.72,22.22,31.93,46.67,22.22,30.11,36.47,21.09,26.72,64.15,34.00,44.44,50.00,32.84,39.64,59.22,31.65,41.25
BERT-Medium,47,87.20,54.23,66.87,56.41,25.73,35.34,38.46,23.81,29.41,29.33,14.97,19.82,51.72,30.00,37.97,63.33,28.36,39.18,57.21,31.28,40.45
BERT-Medium,32,88.98,52.24,65.83,54.32,25.73,34.92,34.83,24.60,28.84,33.33,22.45,26.83,52.05,38.00,43.93,47.62,29.85,36.70,53.98,33.37,41.25
BERT-Medium,45,86.07,52.24,65.02,57.33,25.15,34.96,46.25,29.37,35.92,40.00,22.45,28.76,47.95,35.00,40.46,68.57,35.82,47.06,59.35,34.11,43.33
BERT-Medium,30,94.06,47.26,62.91,61.90,22.22,32.70,39.66,18.25,25.00,32.35,14.29,19.82,57.45,27.00,36.73,61.54,35.82,45.28,61.17,28.08,38.49
BERT-Medium,43,86.47,57.21,68.86,50.62,23.98,32.54,53.97,26.98,35.98,43.16,27.89,33.88,49.18,30.00,37.27,58.82,29.85,39.60,60.17,34.61,43.94
BERT-Medium,36,87.91,39.80,54.79,55.17,18.71,27.95,28.36,15.08,19.69,34.62,19.05,24.57,57.14,20.00,29.63,64.29,13.43,22.22,54.52,23.15,32.50
BERT-Medium,8,96.70,43.78,60.27,40.96,19.88,26.77,9.09,7.14,8.00,13.33,2.72,4.52,0.00,0.00,0.00,0.00,0.00,0.00,44.55,16.63,24.22
BERT-Medium,41,90.20,45.77,60.73,49.37,22.81,31.20,48.08,19.84,28.09,36.05,21.09,26.61,50.00,20.00,28.57,60.00,22.39,32.61,57.81,27.34,37.12
BERT-Medium,34,85.00,50.75,63.55,50.00,25.73,33.98,38.16,23.02,28.71,28.18,21.09,24.12,21.95,9.00,12.77,59.09,19.40,29.21,49.89,28.08,35.93
BERT-Medium,38,89.83,52.74,66.46,59.04,28.65,38.58,36.59,23.81,28.85,33.68,22.45,26.94,41.07,23.00,29.49,58.82,14.93,23.81,55.43,30.91,39.69
BERT-Medium,4,76.92,9.95,17.62,22.58,4.09,6.93,15.00,2.38,4.11,7.14,0.68,1.24,0.00,0.00,0.00,0.00,0.00,0.00,32.98,3.82,6.84
BERT-Medium,6,95.65,10.95,19.64,48.00,7.02,12.24,10.71,2.38,3.90,10.00,1.36,2.40,25.00,1.00,1.92,0.00,0.00,0.00,40.00,4.93,8.77
BERT-Medium,0,0.00,0.00,0.00,0.00,0.00,0.00,0.00,0.00,0.00,0.00,0.00,0.00,0.00,0.00,0.00,0.00,0.00,0.00,0.00,0.00,0.00
BERT-Medium,49,80.80,50.25,61.96,54.84,19.88,29.18,31.15,15.08,20.32,22.58,14.29,17.50,32.14,9.00,14.06,75.00,22.39,34.48,51.16,24.51,33.14
BERT-Medium,2,100.00,5.47,10.38,40.00,3.51,6.45,10.00,0.79,1.47,0.00,0.00,0.00,0.00,0.00,0.00,0.00,0.00,0.00,47.37,2.22,4.24
BERT-Medium,24,82.57,44.78,58.06,53.09,25.15,34.13,24.66,14.29,18.09,22.11,14.29,17.36,28.57,10.00,14.81,55.56,14.93,23.53,46.72,23.65,31.40
BERT-Medium,51,85.48,52.74,65.23,60.56,25.15,35.54,54.35,19.84,29.07,30.56,23.13,26.33,28.57,6.00,9.92,66.67,29.85,41.24,58.25,28.82,38.56
BERT-Medium,26,89.72,47.76,62.34,50.00,25.15,33.46,22.34,16.67,19.09,20.75,14.29,16.92,26.09,12.00,16.44,42.86,8.96,14.81,44.15,24.51,31.52
BERT-Medium,53,85.37,52.24,64.81,51.19,25.15,33.73,55.56,23.81,33.33,27.35,22.45,24.66,45.45,15.00,22.56,61.11,32.84,42.72,55.26,30.54,39.34
BERT-Medium,20,92.22,41.29,57.04,57.35,22.81,32.64,33.33,15.87,21.51,25.00,13.61,17.62,36.00,18.00,24.00,21.43,4.48,7.41,50.55,22.54,31.18
BERT-Medium,55,88.70,50.75,64.56,62.32,25.15,35.83,50.94,21.43,30.17,39.74,21.77,28.13,65.62,42.00,51.22,69.70,34.33,46.00,65.05,33.13,43.90
BERT-Medium,22,90.29,46.27,61.18,56.47,28.07,37.50,32.84,17.46,22.80,22.47,13.61,16.95,26.09,6.00,9.76,66.67,5.97,10.96,51.74,23.77,32.57
BERT-Medium,57,87.50,52.24,65.42,60.53,26.90,37.25,55.17,25.40,34.78,43.37,24.49,31.30,52.63,30.00,38.22,58.33,31.34,40.78,62.79,33.25,43.48
BERT-Medium,59,84.80,52.74,65.03,56.25,26.32,35.86,42.25,23.81,30.46,41.30,25.85,31.80,52.17,36.00,42.60,62.50,29.85,40.40,58.64,33.87,42.94
BERT-Medium,28,88.18,48.26,62.38,48.81,23.39,31.63,30.12,19.84,23.92,44.44,10.20,16.60,58.49,31.00,40.52,52.38,16.42,25.00,57.11,26.97,36.64
BERT-Tiny,6,100.00,2.49,4.85,0.00,0.00,0.00,100.00,0.79,1.57,0.00,0.00,0.00,0.00,0.00,0.00,0.00,0.00,0.00,60.00,0.74,1.46
BERT-Tiny,4,0.00,0.00,0.00,0.00,0.00,0.00,0.00,0.00,0.00,0.00,0.00,0.00,0.00,0.00,0.00,0.00,0.00,0.00,0.00,0.00,0.00
BERT-Tiny,29,82.19,29.85,43.80,25.00,8.19,12.33,15.00,4.76,7.23,0.00,0.00,0.00,0.00,0.00,0.00,0.00,0.00,0.00,41.88,9.85,15.95
BERT-Tiny,2,0.00,0.00,0.00,0.00,0.00,0.00,0.00,0.00,0.00,0.00,0.00,0.00,0.00,0.00,0.00,0.00,0.00,0.00,0.00,0.00,0.00
BERT-Tiny,0,0.00,0.00,0.00,0.00,0.00,0.00,0.00,0.00,0.00,0.00,0.00,0.00,0.00,0.00,0.00,0.00,0.00,0.00,0.00,0.00,0.00
BERT-Tiny,58,82.11,38.81,52.70,26.19,12.87,17.25,13.04,7.14,9.23,5.41,1.36,2.17,12.50,1.00,1.85,0.00,0.00,0.00,38.10,13.79,20.25
BERT-Tiny,21,76.09,34.83,47.78,24.64,9.94,14.17,10.64,3.97,5.78,0.00,0.00,0.00,0.00,0.00,0.00,0.00,0.00,0.00,40.35,11.33,17.69
BERT-Tiny,54,76.34,35.32,48.30,31.17,14.04,19.35,11.11,5.56,7.41,8.11,2.04,3.26,16.67,1.00,1.89,0.00,0.00,0.00,38.27,13.05,19.47
BERT-Tiny,23,85.45,23.38,36.72,21.28,5.85,9.17,12.12,3.17,5.03,0.00,0.00,0.00,0.00,0.00,0.00,0.00,0.00,0.00,41.50,7.51,12.72
BERT-Tiny,56,81.11,36.32,50.17,26.58,12.28,16.80,12.86,7.14,9.18,5.00,1.36,2.14,14.29,1.00,1.87,0.00,0.00,0.00,36.68,13.05,19.26
BERT-Tiny,8,100.00,1.99,3.90,66.67,1.17,2.30,0.00,0.00,0.00,0.00,0.00,0.00,0.00,0.00,0.00,0.00,0.00,0.00,60.00,0.74,1.46
BERT-Tiny,25,82.86,28.86,42.80,28.07,9.36,14.04,12.82,3.97,6.06,0.00,0.00,0.00,0.00,0.00,0.00,0.00,0.00,0.00,42.70,9.73,15.85
BERT-Tiny,50,78.57,38.31,51.51,23.46,11.11,15.08,8.96,4.76,6.22,9.68,2.04,3.37,20.00,1.00,1.90,0.00,0.00,0.00,37.59,13.05,19.38
BERT-Tiny,27,93.10,26.87,41.70,33.96,10.53,16.07,11.43,3.17,4.97,0.00,0.00,0.00,0.00,0.00,0.00,0.00,0.00,0.00,47.80,9.36,15.65
BERT-Tiny,52,82.05,31.84,45.88,32.35,12.87,18.41,16.95,7.94,10.81,8.57,2.04,3.30,25.00,2.00,3.70,0.00,0.00,0.00,40.56,12.44,19.04
BERT-Tiny,48,78.49,36.32,49.66,28.75,13.45,18.33,10.45,5.56,7.25,6.45,1.36,2.25,20.00,1.00,1.90,0.00,0.00,0.00,38.41,13.05,19.49
BERT-Tiny,39,76.72,44.28,56.15,25.51,14.62,18.59,10.45,5.56,7.25,0.00,0.00,0.00,0.00,0.00,0.00,0.00,0.00,0.00,40.47,14.90,21.78
BERT-Tiny,42,83.33,34.83,49.12,26.39,11.11,15.64,12.07,5.56,7.61,3.70,0.68,1.15,28.57,2.00,3.74,0.00,0.00,0.00,39.76,12.19,18.66
BERT-Tiny,37,78.26,26.87,40.00,27.59,9.36,13.97,8.89,3.17,4.68,0.00,0.00,0.00,16.67,1.00,1.89,50.00,1.49,2.90,37.81,9.36,15.00
BERT-Tiny,40,80.26,30.35,44.04,32.76,11.11,16.59,10.00,3.97,5.68,5.88,1.36,2.21,25.00,3.00,5.36,33.33,1.49,2.86,39.06,11.21,17.42
BERT-Tiny,35,80.26,30.35,44.04,27.87,9.94,14.66,12.20,3.97,5.99,0.00,0.00,0.00,28.57,2.00,3.74,0.00,0.00,0.00,41.87,10.47,16.75
BERT-Tiny,46,83.33,32.34,46.59,29.85,11.70,16.81,17.24,7.94,10.87,7.14,2.04,3.17,12.50,1.00,1.85,0.00,0.00,0.00,38.37,12.19,18.50
BERT-Tiny,33,76.83,31.34,44.52,34.92,12.87,18.80,10.00,3.17,4.82,0.00,0.00,0.00,0.00,0.00,0.00,0.00,0.00,0.00,45.18,10.96,17.64
BERT-Tiny,44,82.35,34.83,48.95,28.99,11.70,16.67,12.70,6.35,8.47,7.14,1.36,2.29,20.00,1.00,1.90,0.00,0.00,0.00,40.40,12.44,19.02
BERT-Tiny,31,82.61,28.36,42.22,27.42,9.94,14.59,17.07,5.56,8.38,0.00,0.00,0.00,0.00,0.00,0.00,0.00,0.00,0.00,41.75,9.98,16.10
BERT-Tiny,70,79.59,38.81,52.17,31.71,15.20,20.55,15.19,9.52,11.71,9.43,3.40,5.00,15.38,2.00,3.54,0.00,0.00,0.00,37.39,15.15,21.56
BERT-Tiny,72,76.72,44.28,56.15,23.47,13.45,17.10,13.48,9.52,11.16,9.09,3.40,4.95,9.09,1.00,1.80,0.00,0.00,0.00,35.04,16.01,21.98
BERT-Tiny,98,74.55,40.80,52.73,29.21,15.20,20.00,16.87,11.11,13.40,10.00,3.40,5.08,22.22,2.00,3.67,0.00,0.00,0.00,37.61,15.89,22.34
BERT-Tiny,74,77.59,44.78,56.78,28.28,16.37,20.74,13.41,8.73,10.58,5.45,2.04,2.97,8.33,1.00,1.79,0.00,0.00,0.00,36.44,16.38,22.60
BERT-Tiny,76,76.64,40.80,53.25,26.97,14.04,18.46,13.41,8.73,10.58,7.69,2.72,4.02,13.33,2.00,3.48,0.00,0.00,0.00,35.24,15.15,21.19
BERT-Tiny,90,74.77,39.80,51.95,31.87,16.96,22.14,16.87,11.11,13.40,12.00,4.08,6.09,18.18,2.00,3.60,0.00,0.00,0.00,38.19,16.13,22.68
BERT-Tiny,78,76.70,39.30,51.97,26.67,14.04,18.39,13.10,8.73,10.48,7.41,2.72,3.98,12.50,1.00,1.85,50.00,1.49,2.90,35.19,14.78,20.82
BERT-Tiny,92,75.00,41.79,53.67,27.78,14.62,19.16,15.48,10.32,12.38,10.20,3.40,5.10,36.36,4.00,7.21,0.00,0.00,0.00,37.86,16.13,22.63
BERT-Tiny,94,75.89,42.29,54.31,27.47,14.62,19.08,16.87,11.11,13.40,12.00,4.08,6.09,27.27,3.00,5.41,0.00,0.00,0.00,38.11,16.38,22.91
BERT-Tiny,96,73.15,39.30,51.13,28.74,14.62,19.38,17.95,11.11,13.73,11.32,4.08,6.00,9.09,1.00,1.80,0.00,0.00,0.00,36.87,15.39,21.72
BERT-Tiny,13,72.46,24.88,37.04,20.83,5.85,9.13,11.54,2.38,3.95,0.00,0.00,0.00,0.00,0.00,0.00,0.00,0.00,0.00,42.57,7.76,13.12
BERT-Tiny,66,77.45,39.30,52.15,30.00,15.79,20.69,16.67,9.52,12.12,4.44,1.36,2.08,12.50,1.00,1.85,0.00,0.00,0.00,38.05,14.90,21.42
BERT-Tiny,11,68.63,17.41,27.78,18.75,3.51,5.91,29.41,3.97,6.99,0.00,0.00,0.00,0.00,0.00,0.00,0.00,0.00,0.00,45.54,5.67,10.08
BERT-Tiny,64,78.00,38.81,51.83,26.37,14.04,18.32,12.68,7.14,9.14,6.98,2.04,3.16,11.11,1.00,1.83,0.00,0.00,0.00,36.39,14.16,20.39
BERT-Tiny,88,74.75,36.82,49.33,28.40,13.45,18.25,17.57,10.32,13.00,10.87,3.40,5.18,25.00,4.00,6.90,0.00,0.00,0.00,37.42,14.66,21.06
BERT-Tiny,17,71.60,28.86,41.13,17.24,5.85,8.73,25.00,6.35,10.13,0.00,0.00,0.00,0.00,0.00,0.00,0.00,0.00,0.00,41.53,9.36,15.28
BERT-Tiny,62,76.72,44.28,56.15,25.51,14.62,18.59,13.92,8.73,10.73,3.23,0.68,1.12,25.00,2.00,3.70,0.00,0.00,0.00,38.55,15.76,22.38
BERT-Tiny,15,88.46,11.44,20.26,19.05,2.34,4.17,20.00,2.38,4.26,10.00,0.68,1.27,0.00,0.00,0.00,0.00,0.00,0.00,40.79,3.82,6.98
BERT-Tiny,60,74.04,38.31,50.49,27.38,13.45,18.04,11.39,7.14,8.78,6.52,2.04,3.11,11.11,1.00,1.83,0.00,0.00,0.00,35.09,13.92,19.93
BERT-Tiny,86,75.96,39.30,51.80,30.59,15.20,20.31,14.47,8.73,10.89,7.14,2.72,3.94,9.09,1.00,1.80,0.00,0.00,0.00,36.34,14.90,21.14
BERT-Tiny,19,71.58,33.83,45.95,23.29,9.94,13.93,14.89,5.56,8.09,0.00,0.00,0.00,40.00,2.00,3.81,0.00,0.00,0.00,39.17,11.58,17.87
BERT-Tiny,84,78.38,43.28,55.77,29.03,15.79,20.45,15.85,10.32,12.50,10.34,4.08,5.85,14.29,2.00,3.51,0.00,0.00,0.00,37.50,16.63,23.04
BERT-Tiny,82,78.18,42.79,55.31,31.91,17.54,22.64,15.29,10.32,12.32,8.47,3.40,4.85,7.69,1.00,1.77,0.00,0.00,0.00,37.09,16.63,22.96
BERT-Tiny,68,74.55,40.80,52.73,29.21,15.20,20.00,17.28,11.11,13.53,7.69,2.72,4.02,0.00,0.00,0.00,0.00,0.00,0.00,36.31,15.52,21.74
BERT-Tiny,80,76.32,43.28,55.24,27.37,15.20,19.55,15.48,10.32,12.38,8.33,3.40,4.83,10.00,1.00,1.82,0.00,0.00,0.00,36.36,16.26,22.47
BERT-Tiny,75,77.45,39.30,52.15,29.11,13.45,18.40,23.29,13.49,17.09,7.55,2.72,4.00,10.53,2.00,3.36,0.00,0.00,0.00,37.99,15.39,21.91
BERT-Tiny,77,77.98,42.29,54.84,31.82,16.37,21.62,19.05,12.70,15.24,10.71,4.08,5.91,8.33,1.00,1.79,0.00,0.00,0.00,38.75,16.75,23.39
BERT-Tiny,71,73.83,39.30,51.30,28.41,14.62,19.31,11.69,7.14,8.87,4.76,1.36,2.12,20.00,2.00,3.64,0.00,0.00,0.00,36.11,14.41,20.60
BERT-Tiny,99,73.39,39.80,51.61,29.55,15.20,20.08,16.87,11.11,13.40,9.80,3.40,5.05,25.00,2.00,3.70,0.00,0.00,0.00,37.24,15.64,22.03
BERT-Tiny,73,80.00,37.81,51.35,28.57,14.04,18.82,17.65,9.52,12.37,4.35,1.36,2.07,11.11,1.00,1.83,0.00,0.00,0.00,37.95,14.16,20.63
BERT-Tiny,95,75.00,38.81,51.15,28.57,14.04,18.82,15.12,10.32,12.26,8.51,2.72,4.12,20.00,2.00,3.64,0.00,0.00,0.00,36.34,14.90,21.14
BERT-Tiny,97,74.07,39.80,51.78,27.91,14.04,18.68,17.95,11.11,13.73,9.43,3.40,5.00,30.00,3.00,5.45,0.00,0.00,0.00,37.39,15.52,21.93
BERT-Tiny,91,75.89,42.29,54.31,32.61,17.54,22.81,17.44,11.90,14.15,14.00,4.76,7.11,23.08,3.00,5.31,0.00,0.00,0.00,39.55,17.24,24.01
BERT-Tiny,93,75.89,42.29,54.31,28.57,15.20,19.85,16.88,10.32,12.81,11.54,4.08,6.03,25.00,3.00,5.36,0.00,0.00,0.00,38.55,16.38,22.99
BERT-Tiny,79,71.68,40.30,51.59,27.66,15.20,19.62,11.63,7.94,9.43,7.69,2.72,4.02,28.57,2.00,3.74,0.00,0.00,0.00,34.75,15.15,21.10
BERT-Tiny,63,76.29,36.82,49.66,28.95,12.87,17.81,19.74,11.90,14.85,7.32,2.04,3.19,11.11,1.00,1.83,0.00,0.00,0.00,38.33,14.16,20.68
BERT-Tiny,16,76.79,21.39,33.46,11.36,2.92,4.65,27.27,7.14,11.32,0.00,0.00,0.00,0.00,0.00,0.00,0.00,0.00,0.00,39.58,7.02,11.92
BERT-Tiny,89,77.88,43.78,56.05,27.66,15.20,19.62,16.67,11.90,13.89,8.93,3.40,4.93,23.08,3.00,5.31,0.00,0.00,0.00,37.23,16.87,23.22
BERT-Tiny,61,72.32,40.30,51.76,25.81,14.04,18.18,11.39,7.14,8.78,5.13,1.36,2.15,16.67,1.00,1.89,0.00,0.00,0.00,35.56,14.41,20.51
BERT-Tiny,14,60.76,23.88,34.29,14.58,4.09,6.39,15.15,3.97,6.29,0.00,0.00,0.00,25.00,1.00,1.92,0.00,0.00,0.00,33.89,7.51,12.30
BERT-Tiny,67,74.51,37.81,50.17,24.71,12.28,16.41,11.76,6.35,8.25,4.08,1.36,2.04,11.11,1.00,1.83,0.00,0.00,0.00,34.29,13.30,19.17
BERT-Tiny,12,70.00,13.93,23.24,24.00,3.51,6.12,13.64,2.38,4.05,10.00,0.68,1.27,33.33,1.00,1.94,0.00,0.00,0.00,38.61,4.80,8.54
BERT-Tiny,65,76.47,38.81,51.49,27.27,14.04,18.53,16.90,9.52,12.18,4.88,1.36,2.13,12.50,1.00,1.85,0.00,0.00,0.00,37.62,14.41,20.84
BERT-Tiny,10,82.76,11.94,20.87,26.92,4.09,7.11,14.29,2.38,4.08,9.09,0.68,1.27,0.00,0.00,0.00,0.00,0.00,0.00,38.89,4.31,7.76
BERT-Tiny,69,71.84,36.82,48.68,23.26,11.70,15.56,16.67,9.52,12.12,6.12,2.04,3.06,13.33,2.00,3.48,0.00,0.00,0.00,33.74,13.67,19.46
BERT-Tiny,83,77.57,41.29,53.90,28.89,15.20,19.92,13.33,9.52,11.11,11.11,4.08,5.97,14.29,1.00,1.87,0.00,0.00,0.00,36.57,15.76,22.03
BERT-Tiny,81,75.70,40.30,52.60,30.68,15.79,20.85,14.63,9.52,11.54,10.20,3.40,5.10,28.57,2.00,3.74,0.00,0.00,0.00,38.02,15.64,22.16
BERT-Tiny,18,75.64,29.35,42.29,22.00,6.43,9.95,20.59,5.56,8.75,0.00,0.00,0.00,100.00,1.00,1.98,0.00,0.00,0.00,44.32,9.61,15.79
BERT-Tiny,87,77.68,43.28,55.59,25.84,13.45,17.69,14.12,9.52,11.37,8.33,3.40,4.83,9.09,1.00,1.80,0.00,0.00,0.00,35.56,15.76,21.84
BERT-Tiny,85,75.21,43.78,55.35,30.53,16.96,21.80,13.48,9.52,11.16,10.71,4.08,5.91,10.00,1.00,1.82,50.00,1.49,2.90,37.13,16.87,23.20
BERT-Tiny,3,0.00,0.00,0.00,0.00,0.00,0.00,0.00,0.00,0.00,0.00,0.00,0.00,0.00,0.00,0.00,0.00,0.00,0.00,0.00,0.00,0.00
BERT-Tiny,59,75.27,34.83,47.62,23.53,11.70,15.62,15.15,7.94,10.42,8.16,2.72,4.08,9.09,1.00,1.80,0.00,0.00,0.00,34.31,12.93,18.78
BERT-Tiny,1,0.00,0.00,0.00,0.00,0.00,0.00,0.00,0.00,0.00,0.00,0.00,0.00,0.00,0.00,0.00,0.00,0.00,0.00,0.00,0.00,0.00
BERT-Tiny,7,100.00,2.49,4.85,25.00,0.58,1.14,0.00,0.00,0.00,0.00,0.00,0.00,0.00,0.00,0.00,0.00,0.00,0.00,46.15,0.74,1.45
BERT-Tiny,28,84.85,27.86,41.95,29.63,9.36,14.22,16.13,3.97,6.37,0.00,0.00,0.00,0.00,0.00,0.00,0.00,0.00,0.00,49.04,9.48,15.89
BERT-Tiny,5,100.00,0.50,0.99,0.00,0.00,0.00,0.00,0.00,0.00,0.00,0.00,0.00,0.00,0.00,0.00,0.00,0.00,0.00,100.00,0.12,0.25
BERT-Tiny,51,80.95,33.83,47.72,26.39,11.11,15.64,14.75,7.14,9.63,7.14,2.04,3.17,8.33,1.00,1.79,0.00,0.00,0.00,36.63,12.32,18.43
BERT-Tiny,24,78.08,28.36,41.61,27.12,9.36,13.91,15.79,4.76,7.32,4.76,0.68,1.19,20.00,1.00,1.90,0.00,0.00,0.00,40.91,9.98,16.04
BERT-Tiny,9,89.19,16.42,27.73,12.12,2.34,3.92,20.00,2.38,4.26,0.00,0.00,0.00,0.00,0.00,0.00,0.00,0.00,0.00,44.94,4.93,8.88
BERT-Tiny,53,76.92,34.83,47.95,26.03,11.11,15.57,15.15,7.94,10.42,7.32,2.04,3.19,16.67,1.00,1.89,0.00,0.00,0.00,36.79,12.68,18.86
BERT-Tiny,26,75.90,31.34,44.37,25.37,9.94,14.29,7.69,2.38,3.64,0.00,0.00,0.00,0.00,0.00,0.00,0.00,0.00,0.00,41.50,10.22,16.40
BERT-Tiny,55,74.07,29.85,42.55,25.00,9.94,14.23,12.70,6.35,8.47,8.57,2.04,3.30,0.00,0.00,0.00,0.00,0.00,0.00,35.20,10.84,16.57
BERT-Tiny,20,68.60,29.35,41.11,21.54,8.19,11.86,12.50,3.97,6.02,9.09,0.68,1.27,25.00,1.00,1.92,0.00,0.00,0.00,38.83,9.85,15.72
BERT-Tiny,57,79.79,37.31,50.85,28.21,12.87,17.67,15.79,9.52,11.88,7.27,2.72,3.96,11.11,1.00,1.83,0.00,0.00,0.00,36.19,14.04,20.23
BERT-Tiny,22,72.22,32.34,44.67,25.76,9.94,14.35,10.42,3.97,5.75,0.00,0.00,0.00,0.00,0.00,0.00,0.00,0.00,0.00,38.84,10.71,16.80
BERT-Tiny,38,78.67,29.35,42.75,27.27,10.53,15.19,14.81,6.35,8.89,0.00,0.00,0.00,16.67,1.00,1.89,0.00,0.00,0.00,37.72,10.59,16.54
BERT-Tiny,49,79.00,39.30,52.49,26.58,12.28,16.80,6.85,3.97,5.03,6.67,1.36,2.26,20.00,1.00,1.90,0.00,0.00,0.00,37.63,13.30,19.65
BERT-Tiny,32,77.92,29.85,43.17,26.15,9.94,14.41,17.02,6.35,9.25,0.00,0.00,0.00,0.00,0.00,0.00,0.00,0.00,0.00,41.26,10.47,16.70
BERT-Tiny,47,80.46,34.83,48.61,23.29,9.94,13.93,14.29,7.14,9.52,4.65,1.36,2.11,27.27,3.00,5.41,0.00,0.00,0.00,35.94,12.44,18.48
BERT-Tiny,30,75.29,31.84,44.76,23.53,9.36,13.39,18.00,7.14,10.23,5.00,0.68,1.20,0.00,0.00,0.00,0.00,0.00,0.00,39.13,11.08,17.27
BERT-Tiny,45,79.07,33.83,47.39,30.14,12.87,18.03,15.25,7.14,9.73,0.00,0.00,0.00,12.50,1.00,1.85,0.00,0.00,0.00,38.46,12.32,18.66
BERT-Tiny,36,77.89,36.82,50.00,24.66,10.53,14.75,21.05,9.52,13.11,2.78,0.68,1.09,9.09,1.00,1.80,0.00,0.00,0.00,38.27,13.05,19.47
BERT-Tiny,43,78.48,30.85,44.29,28.17,11.70,16.53,11.11,4.76,6.67,8.33,1.36,2.34,20.00,1.00,1.90,0.00,0.00,0.00,39.06,11.21,17.42
BERT-Tiny,34,80.00,33.83,47.55,28.38,12.28,17.14,12.96,5.56,7.78,5.00,0.68,1.20,0.00,0.00,0.00,0.00,0.00,0.00,40.59,11.95,18.46
BERT-Tiny,41,79.45,28.86,42.34,30.51,10.53,15.65,13.73,5.56,7.91,0.00,0.00,0.00,12.50,1.00,1.85,0.00,0.00,0.00,36.68,10.34,16.14
